id_2sort;category;name_2sort;weight;qty;mold_id;gost;article;base_id;base_weight;base_qty;base_mold;base_gost
539;Бордюры и поребрики;Бордюр дорожный 1000х300х150 Меланж Гладкий Осень 2 сорт;0.000000;1.0000;;;;461;100.000000;3.0000;21;ТУ 23.61.11-002-50829991-2023
611;Бордюры и поребрики;Поребрик газонный 1000х200х80 Гладкий Белый 2 сорт;36.110000;9.0000;20;;PL-4332S;433;36.110000;9.0000;20;ТУ 23.61.11-003-50829991-2023
612;Бордюры и поребрики;Поребрик газонный 1000х200х80 Гранит Коричневый 2 сорт;36.110000;9.0000;20;;PL-4432S;443;36.110000;9.0000;20;ТУ 23.61.11-003-50829991-2023
613;Бордюры и поребрики;Поребрик газонный 1000х200х80 Меланж Гранит Оникс 2 сорт;36.110000;9.0000;20;;PL-4482S;448;36.110000;9.0000;20;ТУ 23.61.11-003-50829991-2023
614;Бордюры и поребрики;Поребрик газонный 1000х200х80 Меланж Гранит Яшма 2 сорт;36.110000;9.0000;20;;PL-4512S;451;36.110000;9.0000;20;ТУ 23.61.11-003-50829991-2023
615;Бордюры и поребрики;Поребрик газонный 1000х200х80 Меланж Гранит Осень 2 сорт;36.110000;9.0000;20;;PL-4492S;449;36.110000;9.0000;20;ТУ 23.61.11-003-50829991-2023
616;Бордюры и поребрики;Поребрик газонный 1000х200х80 Гладкий Желтый 2 сорт;36.110000;9.0000;20;;PL-4342S;434;36.110000;9.0000;20;ТУ 23.61.11-003-50829991-2023
617;Бордюры и поребрики;Поребрик газонный 1000х200х80 Гладкий Коричневый 2 сорт;36.110000;9.0000;20;;PL-4312S;431;36.110000;9.0000;20;ТУ 23.61.11-003-50829991-2023
618;Бордюры и поребрики;Поребрик газонный 1000х200х80 Гладкий Красный 2 сорт;36.110000;9.0000;20;;PL-4302S;430;36.110000;9.0000;20;ТУ 23.61.11-003-50829991-2023
619;Бордюры и поребрики;Поребрик газонный 1000х200х80 Гладкий Оранжевый 2 сорт;36.110000;9.0000;20;;PL-4352S;435;36.110000;9.0000;20;ТУ 23.61.11-003-50829991-2023
620;Бордюры и поребрики;Поребрик газонный 1000х200х80 Меланж Гладкий Осень 2 сорт;36.110000;9.0000;17;;PL-4372S;437;36.110000;9.0000;20;ТУ 23.61.11-003-50829991-2023
634;Бордюры и поребрики;Бордюр дорожный 1000х300х150 Гранит Серый 2 сорт;100.000000;1.0000;;;;465;100.000000;3.0000;21;ТУ 23.61.11-002-50829991-2023
540;Плитка гладкая;Тротуарная плитка СИТИ-МИКС - 1.СМ.8 80мм Гладкая Серая 2 сорт;0.000000;0.7500;14;;1SM8-GS2S;357;151.110000;0.7500;14;ТУ 23.61.11-001-50829991-2023
541;Плитка гладкая;Тротуарная плитка ПАРКЕТ - 1.ПР.8 80мм Гладкая Коричневая 2 сорт;0.000000;1.0000;;;;383;183.600000;0.6800;17;ТУ 23.61.11-001-50829991-2023
542;Плитка гладкая;Тротуарная плитка ПЛИТА - 3.П.8 80мм Гладкая Серая 2 сорт;0.000000;1.0000;;;;405;216.050000;0.5400;18;ТУ 23.61.11-001-50829991-2023
556;Плитка гладкая;Тротуарная плитка КЛАССИКО - 2.КО.4 40мм Гладкая Серая 2 сорт;0.000000;1.0000;;;;261;86.270000;0.7000;15;ТУ 23.61.11-001-50829991-2023
557;Плитка гладкая;Тротуарная плитка КЛАССИКО - 2.КО.6 60мм Гладкая Белая 2 сорт;0.000000;0.7000;16;;PL-2892S;289;129.460000;0.7000;16;ТУ 23.61.11-001-50829991-2023
558;Плитка гладкая;Тротуарная плитка КЛАССИКО - 2.КО.6 60мм Гладкая Серая 2 сорт;0.000000;1.0000;;;;285;129.460000;0.7000;16;ТУ 23.61.11-001-50829991-2023
559;Плитка гладкая;Тротуарная плитка КВАДРАТ - 2.К.6 60мм Гладкая Белая 2 сорт;0.000000;1.0000;;;;241;135.160000;0.8000;9;ТУ 23.61.11-001-50829991-2023
560;Плитка гладкая;Тротуарная плитка КВАДРАТ - 2.К.6 60мм Гладкая Желтая 2 сорт;0.000000;1.0000;;;;242;135.160000;0.8000;9;ТУ 23.61.11-001-50829991-2023
561;Плитка гладкая;Тротуарная плитка КВАДРАТ - 2.К.6 60мм Гладкая Коричневая 2 сорт;0.000000;1.0000;;;;239;135.160000;0.8000;9;ТУ 23.61.11-001-50829991-2023
562;Плитка гладкая;Тротуарная плитка ПРЯМОУГОЛЬНИК - 2.П.4 40мм Гладкая Белая 2 сорт;0.000000;1.0000;;;;169;90.280000;0.8000;10;ТУ 23.61.11-001-50829991-2023
563;Плитка гладкая;Тротуарная плитка ПРЯМОУГОЛЬНИК - 2.П.4 40мм Гладкая Желтая 2 сорт;0.000000;1.0000;;;;170;90.280000;0.8000;10;ТУ 23.61.11-001-50829991-2023
565;Плитка гладкая;Тротуарная плитка ПРЯМОУГОЛЬНИК - 2.П.4 40мм Гладкая Серая 2 сорт;0.000000;1.0000;;;;165;90.280000;0.8000;10;ТУ 23.61.11-001-50829991-2023
566;Плитка гладкая;Тротуарная плитка ПРЯМОУГОЛЬНИК - 2.П.4 40мм Гладкая Черная 2 сорт;0.000000;1.0000;;;;168;90.280000;0.8000;10;ТУ 23.61.11-001-50829991-2023
567;Плитка гладкая;Тротуарная плитка ПРЯМОУГОЛЬНИК - 2.П.6 60мм Гладкая Белая 2 сорт;0.000000;1.0000;;;;193;135.160000;0.8000;11;ТУ 23.61.11-001-50829991-2023
571;Плитка гладкая;Тротуарная плитка ПРЯМОУГОЛЬНИК - 2.П.6 60мм Гладкая Черная 2 сорт;0.000000;1.0000;;;;192;135.160000;0.8000;11;ТУ 23.61.11-001-50829991-2023
633;Плитка гладкая;Тротуарная плитка КВАДРАТ - 2.К.4 40мм Гладкая Черная 2 сорт;90.280000;1.0000;;;;216;90.280000;0.8000;8;ТУ 23.61.11-001-50829991-2023
646;Плитка гладкая;Тротуарная плитка КЛАССИКО - 2.КО.6 60мм Гладкая Желтая 2 сорт;0.000000;0.7000;16;;;290;129.460000;0.7000;16;ТУ 23.61.11-001-50829991-2023
544;Плитка гранитная;Тротуарная плитка СИТИ-МИКС - 1.СМ.8 80мм Гранит Серая 2 сорт;0.000000;0.7500;14;;1SM8-GrS2S;369;151.110000;0.7500;14;ТУ 23.61.11-001-50829991-2023
546;Плитка гранитная;Тротуарная плитка ПАРКЕТ - 1.ПР.8 80мм Гранит Белая 2 сорт;0.000000;1.0000;;;;397;183.600000;0.6800;17;ТУ 23.61.11-001-50829991-2023
547;Плитка гранитная;Тротуарная плитка ПАРКЕТ - 1.ПР.8 80мм Гранит Коричневая 2 сорт;0.000000;0.6800;17;;PL-3952S;395;183.600000;0.6800;17;ТУ 23.61.11-001-50829991-2023
550;Плитка гранитная;Тротуарная плитка ПАРКЕТ - 1.ПР.8 80мм Гранит Серая 2 сорт;0.000000;1.0000;;;;393;183.600000;0.6800;17;ТУ 23.61.11-001-50829991-2023
551;Плитка гранитная;Тротуарная плитка ПЛИТА - 3.П.8 80мм Гранит Серая 2 сорт;0.000000;1.0000;;;;417;216.050000;0.5400;18;ТУ 23.61.11-001-50829991-2023
552;Плитка гранитная;Тротуарная плитка ПЛИТА - 3.П.8 80мм Гранит Черная 2 сорт;0.000000;1.0000;;;;420;216.050000;0.5400;18;ТУ 23.61.11-001-50829991-2023
553;Плитка гранитная;Тротуарная плитка КВАДРАТ - 2.К.4 40мм Гранит Белая 2 сорт;0.000000;0.8000;8;;2K4-GuB2S;229;90.280000;0.8000;8;ТУ 23.61.11-001-50829991-2023
577;Плитка гранитная;Тротуарная плитка КЛАССИКО - 2.КО.4 40мм Гранит Красная 2 сорт;0.000000;1.0000;;;;274;86.270000;0.7000;15;ТУ 23.61.11-001-50829991-2023
579;Плитка гранитная;Тротуарная плитка КЛАССИКО - 2.КО.4 40мм Гранит Оранжевая 2 сорт;0.000000;1.0000;;;;279;86.270000;0.7000;15;ТУ 23.61.11-001-50829991-2023
580;Плитка гранитная;Тротуарная плитка КЛАССИКО - 2.КО.4 40мм Гранит Черная 2 сорт;0.000000;1.0000;;;;276;86.270000;0.7000;15;ТУ 23.61.11-001-50829991-2023
583;Плитка гранитная;Тротуарная плитка КВАДРАТ - 2.К.4 40мм Гранит Черная 2 сорт;0.000000;1.0000;;;;228;90.280000;0.8000;8;ТУ 23.61.11-001-50829991-2023
584;Плитка гранитная;Тротуарная плитка КВАДРАТ - 2.К.6 60мм Гранит Белая 2 сорт;0.000000;0.8000;9;;PL-2532S;253;135.160000;0.8000;9;ТУ 23.61.11-001-50829991-2023
585;Плитка гранитная;Тротуарная плитка КВАДРАТ - 2.К.6 60мм Гранит Серая 2 сорт;0.000000;1.0000;;;;249;135.160000;0.8000;9;ТУ 23.61.11-001-50829991-2023
586;Плитка гранитная;Тротуарная плитка ПРЯМОУГОЛЬНИК - 2.П.4 40мм Гранит Красная 2 сорт;0.000000;1.0000;;;;178;90.280000;0.8000;10;ТУ 23.61.11-001-50829991-2023
588;Плитка гранитная;Тротуарная плитка ПРЯМОУГОЛЬНИК - 2.П.4 40мм Гранит Серая 2 сорт;0.000000;1.0000;;;;177;90.280000;0.8000;10;ТУ 23.61.11-001-50829991-2023
589;Плитка гранитная;Тротуарная плитка ПРЯМОУГОЛЬНИК - 2.П.4 40мм Гранит Черная 2 сорт;0.000000;1.0000;;;;180;90.280000;0.8000;10;ТУ 23.61.11-001-50829991-2023
591;Плитка гранитная;Тротуарная плитка ПРЯМОУГОЛЬНИК - 2.П.6 60мм Гранит Серая 2 сорт;0.000000;1.0000;;;;201;135.160000;0.8000;11;ТУ 23.61.11-001-50829991-2023
610;Плитка гранитная;Тротуарная плитка КЛАССИКО - 2.КО.6 60мм Гранит Черная 2 сорт;129.460000;0.7000;16;;PL-3002S;300;129.460000;0.7000;16;ТУ 23.61.11-001-50829991-2023
632;Плитка гранитная;Тротуарная плитка КВАДРАТ - 2.К.4 40мм Гранит Белая Эксперементальная 2 сорт;90.280000;1.0000;;;;621;90.280000;0.8000;8;
635;Плитка гранитная;Тротуарная плитка КВАДРАТ - 2.К.6 60мм Гранит Желтая 2 сорт;135.160000;1.0000;;;;254;135.160000;0.8000;9;ТУ 23.61.11-001-50829991-2023
543;Плитка меланж гладкая;Тротуарная плитка СИТИ-МИКС - 1.СМ.8 80мм Меланж Гладкая Осень 2 сорт;0.000000;1.0000;;;;365;151.110000;0.7500;14;ТУ 23.61.11-001-50829991-2023
564;Плитка меланж гладкая;Тротуарная плитка ПРЯМОУГОЛЬНИК - 2.П.4 40мм Меланж Гладкая Оникс 2 сорт;0.000000;1.0000;;;;172;90.280000;0.8000;10;ТУ 23.61.11-001-50829991-2023
568;Плитка меланж гладкая;Тротуарная плитка ПРЯМОУГОЛЬНИК - 2.П.6 60мм Меланж Гладкая Оникс 2 сорт;0.000000;1.0000;;;;196;135.160000;0.8000;11;ТУ 23.61.11-001-50829991-2023
569;Плитка меланж гладкая;Тротуарная плитка ПРЯМОУГОЛЬНИК - 2.П.6 60мм Меланж Гладкая Осень 2 сорт;0.000000;0.8000;11;;PL-1972S;197;135.160000;0.8000;11;ТУ 23.61.11-001-50829991-2023
570;Плитка меланж гладкая;Тротуарная плитка ПРЯМОУГОЛЬНИК - 2.П.6 60мм Меланж Гладкая Яшма 2 сорт;0.000000;1.0000;;;;199;135.160000;0.8000;11;ТУ 23.61.11-001-50829991-2023
608;Плитка меланж гладкая;Тротуарная плитка СИТИ-МИКС - 1.СМ.8 80мм Меланж Гранит Осень 2 сорт;151.110000;0.7500;14;;PL-3772S;377;151.110000;0.7500;14;ТУ 23.61.11-001-50829991-2023
545;Плитка меланж гранит;Тротуарная плитка СИТИ-МИКС - 1.СМ.8 80мм Меланж Гранит Оникс 2 сорт;0.000000;1.0000;;;;376;151.110000;0.7500;14;ТУ 23.61.11-001-50829991-2023
548;Плитка меланж гранит;Тротуарная плитка ПАРКЕТ - 1.ПР.8 80мм Меланж Гранит Оникс 2 сорт;0.000000;0.6800;17;;PL-4002S;400;183.600000;0.6800;17;ТУ 23.61.11-001-50829991-2023
549;Плитка меланж гранит;Тротуарная плитка ПАРКЕТ - 1.ПР.8 80мм Меланж Гранит Рубин 2 сорт;0.000000;1.0000;;;;402;183.600000;0.6800;17;ТУ 23.61.11-001-50829991-2023
578;Плитка меланж гранит;Тротуарная плитка КЛАССИКО - 2.КО.4 40мм Меланж Гранит Яшма 2 сорт;0.000000;1.0000;;;;283;86.270000;0.7000;15;ТУ 23.61.11-001-50829991-2023
581;Плитка меланж гранит;Тротуарная плитка КЛАССИКО - 2.КО.6 60мм Меланж Гранит Оникс 2 сорт;0.000000;1.0000;;;;304;129.460000;0.7000;16;ТУ 23.61.11-001-50829991-2023
582;Плитка меланж гранит;Тротуарная плитка КЛАССИКО - 2.КО.6 60мм Меланж Гранит Яшма 2 сорт;0.000000;0.7000;16;;PL-3072S;307;129.460000;0.7000;16;ТУ 23.61.11-001-50829991-2023
587;Плитка меланж гранит;Тротуарная плитка ПРЯМОУГОЛЬНИК - 2.П.4 40мм Меланж Гранит Осень 2 сорт;0.000000;1.0000;;;;185;90.280000;0.8000;10;ТУ 23.61.11-001-50829991-2023
590;Плитка меланж гранит;Тротуарная плитка ПРЯМОУГОЛЬНИК - 2.П.6 60мм Меланж Гранит Осень 2 сорт;0.000000;1.0000;;;;209;135.160000;0.8000;11;ТУ 23.61.11-001-50829991-2023
609;Плитка меланж гранит;Бордюр дорожный 1000х300х150 Меланж Гранит Осень 2 сорт;100.000000;3.0000;21;;PL-4732S;473;100.000000;3.0000;21;ТУ 23.61.11-002-50829991-2023
