base_id;category;base_name;unit;price;dealer_price;weight_kg;qty_per_cycle;mold_id;gost_mark;article;mix_main_tpl;mix_face_tpl;item_type;amortization_per_cycle;new_name;new_price;new_dealer_price;new_article;default_warehouse_id
457;Бордюры и поребрики;Бордюр дорожный 1000х300х150 Гладкий Белый;шт;850.00;748.00;100.000000;3.0000;21;ТУ 23.61.11-002-50829991-2023;PL-457;main_bor_dor;face_smooth_white;product;0.00;Бордюр дорожный 1000х300х150 Гладкий Белый 2 сорт;425.0;374.0;PL-4572S;5
458;Бордюры и поребрики;Бордюр дорожный 1000х300х150 Гладкий Желтый;шт;850.00;748.00;100.000000;3.0000;21;ТУ 23.61.11-002-50829991-2023;PL-458;main_bor_dor;face_smooth_yellow;product;0.00;Бордюр дорожный 1000х300х150 Гладкий Желтый 2 сорт;425.0;374.0;PL-4582S;5
455;Бордюры и поребрики;Бордюр дорожный 1000х300х150 Гладкий Коричневый;шт;850.00;748.00;100.000000;3.0000;21;ТУ 23.61.11-002-50829991-2023;PL-455;main_bor_dor;face_smooth_brown;product;0.00;Бордюр дорожный 1000х300х150 Гладкий Коричневый 2 сорт;425.0;374.0;PL-4552S;5
454;Бордюры и поребрики;Бордюр дорожный 1000х300х150 Гладкий Красный;шт;850.00;748.00;100.000000;3.0000;21;ТУ 23.61.11-002-50829991-2023;PL-454;main_bor_dor;face_smooth_red;product;0.00;Бордюр дорожный 1000х300х150 Гладкий Красный 2 сорт;425.0;374.0;PL-4542S;5
459;Бордюры и поребрики;Бордюр дорожный 1000х300х150 Гладкий Оранжевый;шт;850.00;748.00;100.000000;3.0000;21;ТУ 23.61.11-002-50829991-2023;PL-459;main_bor_dor;face_smooth_orange;product;0.00;Бордюр дорожный 1000х300х150 Гладкий Оранжевый 2 сорт;425.0;374.0;PL-4592S;5
456;Бордюры и поребрики;Бордюр дорожный 1000х300х150 Гладкий Черный;шт;850.00;748.00;100.000000;3.0000;21;ТУ 23.61.11-002-50829991-2023;PL-456;main_bor_dor;face_smooth_black;product;0.00;Бордюр дорожный 1000х300х150 Гладкий Черный 2 сорт;425.0;374.0;PL-4562S;5
469;Бордюры и поребрики;Бордюр дорожный 1000х300х150 Гранит Белый;шт;960.00;845.00;100.000000;3.0000;21;ТУ 23.61.11-002-50829991-2023;PL-469;main_bor_dor;face_granite_white;product;0.00;Бордюр дорожный 1000х300х150 Гранит Белый 2 сорт;480.0;422.5;PL-4692S;5
470;Бордюры и поребрики;Бордюр дорожный 1000х300х150 Гранит Желтый;шт;960.00;0.00;100.000000;3.0000;21;ТУ 23.61.11-002-50829991-2023;PL-470;main_bor_dor;face_granite_yellow;product;0.00;Бордюр дорожный 1000х300х150 Гранит Желтый 2 сорт;480.0;0.0;PL-4702S;5
467;Бордюры и поребрики;Бордюр дорожный 1000х300х150 Гранит Коричневый;шт;960.00;0.00;100.000000;3.0000;21;ТУ 23.61.11-002-50829991-2023;PL-467;main_bor_dor;face_granite_brown;product;0.00;Бордюр дорожный 1000х300х150 Гранит Коричневый 2 сорт;480.0;0.0;PL-4672S;5
466;Бордюры и поребрики;Бордюр дорожный 1000х300х150 Гранит Красный;шт;960.00;900.00;100.000000;3.0000;21;ТУ 23.61.11-002-50829991-2023;PL-466;main_bor_dor;face_granite_red;product;0.00;Бордюр дорожный 1000х300х150 Гранит Красный 2 сорт;480.0;450.0;PL-4662S;5
471;Бордюры и поребрики;Бордюр дорожный 1000х300х150 Гранит Оранжевый;шт;960.00;0.00;100.000000;3.0000;21;ТУ 23.61.11-002-50829991-2023;PL-471;main_bor_dor;face_granite_orange;product;0.00;Бордюр дорожный 1000х300х150 Гранит Оранжевый 2 сорт;480.0;0.0;PL-4712S;5
468;Бордюры и поребрики;Бордюр дорожный 1000х300х150 Гранит Черный;шт;960.00;0.00;100.000000;3.0000;21;ТУ 23.61.11-002-50829991-2023;PL-468;main_bor_dor;face_granite_black;product;0.00;Бордюр дорожный 1000х300х150 Гранит Черный 2 сорт;480.0;0.0;PL-4682S;5
460;Бордюры и поребрики;Бордюр дорожный 1000х300х150 Меланж Гладкий Оникс;шт;960.00;0.00;100.000000;3.0000;21;ТУ 23.61.11-002-50829991-2023;PL-460;main_bor_dor;face_mel_sm_onyx;product;0.00;Бордюр дорожный 1000х300х150 Меланж Гладкий Оникс 2 сорт;480.0;0.0;PL-4602S;5
462;Бордюры и поребрики;Бордюр дорожный 1000х300х150 Меланж Гладкий Рубин;шт;960.00;0.00;100.000000;3.0000;21;ТУ 23.61.11-002-50829991-2023;PL-462;main_bor_dor;face_mel_sm_ruby;product;0.00;Бордюр дорожный 1000х300х150 Меланж Гладкий Рубин 2 сорт;480.0;0.0;PL-4622S;5
464;Бордюры и поребрики;Бордюр дорожный 1000х300х150 Меланж Гладкий Янтарь;шт;960.00;0.00;100.000000;3.0000;21;ТУ 23.61.11-002-50829991-2023;PL-464;main_bor_dor;face_mel_sm_amber;product;0.00;Бордюр дорожный 1000х300х150 Меланж Гладкий Янтарь 2 сорт;480.0;0.0;PL-4642S;5
463;Бордюры и поребрики;Бордюр дорожный 1000х300х150 Меланж Гладкий Яшма;шт;960.00;0.00;100.000000;3.0000;21;ТУ 23.61.11-002-50829991-2023;PL-463;main_bor_dor;face_mel_sm_jasper;product;0.00;Бордюр дорожный 1000х300х150 Меланж Гладкий Яшма 2 сорт;480.0;0.0;PL-4632S;5
472;Бордюры и поребрики;Бордюр дорожный 1000х300х150 Меланж Гранит Оникс;шт;1030.00;0.00;100.000000;3.0000;21;ТУ 23.61.11-002-50829991-2023;PL-472;main_bor_dor;face_mel_gr_onyx;product;0.00;Бордюр дорожный 1000х300х150 Меланж Гранит Оникс 2 сорт;515.0;0.0;PL-4722S;5
474;Бордюры и поребрики;Бордюр дорожный 1000х300х150 Меланж Гранит Рубин;шт;1030.00;0.00;100.000000;3.0000;21;ТУ 23.61.11-002-50829991-2023;PL-474;main_bor_dor;face_mel_gr_ruby;product;0.00;Бордюр дорожный 1000х300х150 Меланж Гранит Рубин 2 сорт;515.0;0.0;PL-4742S;5
476;Бордюры и поребрики;Бордюр дорожный 1000х300х150 Меланж Гранит Янтарь;шт;1030.00;0.00;100.000000;3.0000;21;ТУ 23.61.11-002-50829991-2023;PL-476;main_bor_dor;face_mel_gr_amber;product;0.00;Бордюр дорожный 1000х300х150 Меланж Гранит Янтарь 2 сорт;515.0;0.0;PL-4762S;5
475;Бордюры и поребрики;Бордюр дорожный 1000х300х150 Меланж Гранит Яшма;шт;1030.00;0.00;100.000000;3.0000;21;ТУ 23.61.11-002-50829991-2023;PL-475;main_bor_dor;face_mel_gr_jasper;product;0.00;Бордюр дорожный 1000х300х150 Меланж Гранит Яшма 2 сорт;515.0;0.0;PL-4752S;5
481;Бордюры и поребрики;Бордюр магистральный 1000х300х180 Гладкий Белый;шт;1030.00;845.00;120.000000;3.0000;22;ТУ 23.61.11-003-50829991-2023;PL-481;main_bor_mag;face_smooth_white;product;0.00;Бордюр магистральный 1000х300х180 Гладкий Белый 2 сорт;515.0;422.5;PL-4812S;5
482;Бордюры и поребрики;Бордюр магистральный 1000х300х180 Гладкий Желтый;шт;1030.00;0.00;120.000000;3.0000;22;ТУ 23.61.11-003-50829991-2023;PL-482;main_bor_mag;face_smooth_yellow;product;0.00;Бордюр магистральный 1000х300х180 Гладкий Желтый 2 сорт;515.0;0.0;PL-4822S;5
479;Бордюры и поребрики;Бордюр магистральный 1000х300х180 Гладкий Коричневый;шт;1030.00;0.00;120.000000;3.0000;22;ТУ 23.61.11-003-50829991-2023;PL-479;main_bor_mag;face_smooth_brown;product;0.00;Бордюр магистральный 1000х300х180 Гладкий Коричневый 2 сорт;515.0;0.0;PL-4792S;5
478;Бордюры и поребрики;Бордюр магистральный 1000х300х180 Гладкий Красный;шт;1030.00;0.00;120.000000;3.0000;22;ТУ 23.61.11-003-50829991-2023;PL-478;main_bor_mag;face_smooth_red;product;0.00;Бордюр магистральный 1000х300х180 Гладкий Красный 2 сорт;515.0;0.0;PL-4782S;5
483;Бордюры и поребрики;Бордюр магистральный 1000х300х180 Гладкий Оранжевый;шт;1030.00;0.00;120.000000;3.0000;22;ТУ 23.61.11-003-50829991-2023;PL-483;main_bor_mag;face_smooth_orange;product;0.00;Бордюр магистральный 1000х300х180 Гладкий Оранжевый 2 сорт;515.0;0.0;PL-4832S;5
477;Бордюры и поребрики;Бордюр магистральный 1000х300х180 Гладкий Серый;шт;950.00;906.00;120.000000;3.0000;22;ТУ 23.61.11-003-50829991-2023;PL-477;main_bor_mag;face_smooth_grey;product;0.00;Бордюр магистральный 1000х300х180 Гладкий Серый 2 сорт;475.0;453.0;PL-4772S;5
480;Бордюры и поребрики;Бордюр магистральный 1000х300х180 Гладкий Черный;шт;1030.00;0.00;120.000000;3.0000;22;ТУ 23.61.11-003-50829991-2023;PL-480;main_bor_mag;face_smooth_black;product;0.00;Бордюр магистральный 1000х300х180 Гладкий Черный 2 сорт;515.0;0.0;PL-4802S;5
493;Бордюры и поребрики;Бордюр магистральный 1000х300х180 Гранит Белый;шт;1100.00;845.00;120.000000;3.0000;22;ТУ 23.61.11-003-50829991-2023;PL-493;main_bor_mag;face_granite_white;product;0.00;Бордюр магистральный 1000х300х180 Гранит Белый 2 сорт;550.0;422.5;PL-4932S;5
494;Бордюры и поребрики;Бордюр магистральный 1000х300х180 Гранит Желтый;шт;1100.00;0.00;120.000000;3.0000;22;ТУ 23.61.11-003-50829991-2023;PL-494;main_bor_mag;face_granite_yellow;product;0.00;Бордюр магистральный 1000х300х180 Гранит Желтый 2 сорт;550.0;0.0;PL-4942S;5
491;Бордюры и поребрики;Бордюр магистральный 1000х300х180 Гранит Коричневый;шт;1100.00;0.00;120.000000;3.0000;22;ТУ 23.61.11-003-50829991-2023;PL-491;main_bor_mag;face_granite_brown;product;0.00;Бордюр магистральный 1000х300х180 Гранит Коричневый 2 сорт;550.0;0.0;PL-4912S;5
490;Бордюры и поребрики;Бордюр магистральный 1000х300х180 Гранит Красный;шт;1100.00;0.00;120.000000;3.0000;22;ТУ 23.61.11-003-50829991-2023;PL-490;main_bor_mag;face_granite_red;product;0.00;Бордюр магистральный 1000х300х180 Гранит Красный 2 сорт;550.0;0.0;PL-4902S;5
495;Бордюры и поребрики;Бордюр магистральный 1000х300х180 Гранит Оранжевый;шт;1100.00;0.00;120.000000;3.0000;22;ТУ 23.61.11-003-50829991-2023;PL-495;main_bor_mag;face_granite_orange;product;0.00;Бордюр магистральный 1000х300х180 Гранит Оранжевый 2 сорт;550.0;0.0;PL-4952S;5
489;Бордюры и поребрики;Бордюр магистральный 1000х300х180 Гранит Серый;шт;1030.00;906.00;120.000000;3.0000;22;ТУ 23.61.11-003-50829991-2023;PL-489;main_bor_mag;face_granite_grey;product;0.00;Бордюр магистральный 1000х300х180 Гранит Серый 2 сорт;515.0;453.0;PL-4892S;5
492;Бордюры и поребрики;Бордюр магистральный 1000х300х180 Гранит Черный;шт;1100.00;0.00;120.000000;3.0000;22;ТУ 23.61.11-003-50829991-2023;PL-492;main_bor_mag;face_granite_black;product;0.00;Бордюр магистральный 1000х300х180 Гранит Черный 2 сорт;550.0;0.0;PL-4922S;5
484;Бордюры и поребрики;Бордюр магистральный 1000х300х180 Меланж Гладкий Оникс;шт;1100.00;0.00;120.000000;3.0000;22;ТУ 23.61.11-003-50829991-2023;PL-484;main_bor_mag;face_mel_sm_onyx;product;0.00;Бордюр магистральный 1000х300х180 Меланж Гладкий Оникс 2 сорт;550.0;0.0;PL-4842S;5
485;Бордюры и поребрики;Бордюр магистральный 1000х300х180 Меланж Гладкий Осень;шт;1100.00;0.00;120.000000;3.0000;22;ТУ 23.61.11-003-50829991-2023;PL-485;main_bor_mag;face_mel_sm_autumn;product;0.00;Бордюр магистральный 1000х300х180 Меланж Гладкий Осень 2 сорт;550.0;0.0;PL-4852S;5
486;Бордюры и поребрики;Бордюр магистральный 1000х300х180 Меланж Гладкий Рубин;шт;1100.00;0.00;120.000000;3.0000;22;ТУ 23.61.11-003-50829991-2023;PL-486;main_bor_mag;face_mel_sm_ruby;product;0.00;Бордюр магистральный 1000х300х180 Меланж Гладкий Рубин 2 сорт;550.0;0.0;PL-4862S;5
488;Бордюры и поребрики;Бордюр магистральный 1000х300х180 Меланж Гладкий Янтарь;шт;1100.00;0.00;120.000000;3.0000;22;ТУ 23.61.11-003-50829991-2023;PL-488;main_bor_mag;face_mel_sm_amber;product;0.00;Бордюр магистральный 1000х300х180 Меланж Гладкий Янтарь 2 сорт;550.0;0.0;PL-4882S;5
487;Бордюры и поребрики;Бордюр магистральный 1000х300х180 Меланж Гладкий Яшма;шт;1100.00;0.00;120.000000;3.0000;22;ТУ 23.61.11-003-50829991-2023;PL-487;main_bor_mag;face_mel_sm_jasper;product;0.00;Бордюр магистральный 1000х300х180 Меланж Гладкий Яшма 2 сорт;550.0;0.0;PL-4872S;5
496;Бордюры и поребрики;Бордюр магистральный 1000х300х180 Меланж Гранит Оникс;шт;1200.00;0.00;120.000000;3.0000;22;ТУ 23.61.11-003-50829991-2023;PL-496;main_bor_mag;face_mel_gr_onyx;product;0.00;Бордюр магистральный 1000х300х180 Меланж Гранит Оникс 2 сорт;600.0;0.0;PL-4962S;5
497;Бордюры и поребрики;Бордюр магистральный 1000х300х180 Меланж Гранит Осень;шт;1200.00;0.00;120.000000;3.0000;22;ТУ 23.61.11-003-50829991-2023;PL-497;main_bor_mag;face_mel_gr_autumn;product;0.00;Бордюр магистральный 1000х300х180 Меланж Гранит Осень 2 сорт;600.0;0.0;PL-4972S;5
498;Бордюры и поребрики;Бордюр магистральный 1000х300х180 Меланж Гранит Рубин;шт;1200.00;0.00;120.000000;3.0000;22;ТУ 23.61.11-003-50829991-2023;PL-498;main_bor_mag;face_mel_gr_ruby;product;0.00;Бордюр магистральный 1000х300х180 Меланж Гранит Рубин 2 сорт;600.0;0.0;PL-4982S;5
500;Бордюры и поребрики;Бордюр магистральный 1000х300х180 Меланж Гранит Янтарь;шт;1200.00;0.00;120.000000;3.0000;22;ТУ 23.61.11-003-50829991-2023;PL-500;main_bor_mag;face_mel_gr_amber;product;0.00;Бордюр магистральный 1000х300х180 Меланж Гранит Янтарь 2 сорт;600.0;0.0;PL-5002S;5
499;Бордюры и поребрики;Бордюр магистральный 1000х300х180 Меланж Гранит Яшма;шт;1200.00;0.00;120.000000;3.0000;22;ТУ 23.61.11-003-50829991-2023;PL-499;main_bor_mag;face_mel_gr_jasper;product;0.00;Бордюр магистральный 1000х300х180 Меланж Гранит Яшма 2 сорт;600.0;0.0;PL-4992S;5
432;Бордюры и поребрики;Поребрик газонный 1000х200х80 Гладкий Черный;шт;440.00;0.00;36.110000;9.0000;20;ТУ 23.61.11-003-50829991-2023;PL-432;main_por;face_smooth_black;product;0.00;Поребрик газонный 1000х200х80 Гладкий Черный 2 сорт;220.0;0.0;PL-4322S;5
445;Бордюры и поребрики;Поребрик газонный 1000х200х80 Гранит Белый;шт;520.00;660.00;36.110000;9.0000;20;ТУ 23.61.11-003-50829991-2023;PL-445;main_por;face_granite_white;product;0.00;Поребрик газонный 1000х200х80 Гранит Белый 2 сорт;260.0;330.0;PL-4452S;5
446;Бордюры и поребрики;Поребрик газонный 1000х200х80 Гранит Желтый;шт;520.00;0.00;36.110000;9.0000;20;ТУ 23.61.11-003-50829991-2023;PL-446;main_por;face_granite_yellow;product;0.00;Поребрик газонный 1000х200х80 Гранит Желтый 2 сорт;260.0;0.0;PL-4462S;5
442;Бордюры и поребрики;Поребрик газонный 1000х200х80 Гранит Красный;шт;520.00;0.00;36.110000;9.0000;20;ТУ 23.61.11-003-50829991-2023;PL-442;main_por;face_granite_red;product;0.00;Поребрик газонный 1000х200х80 Гранит Красный 2 сорт;260.0;0.0;PL-4422S;5
447;Бордюры и поребрики;Поребрик газонный 1000х200х80 Гранит Оранжевый;шт;520.00;0.00;36.110000;9.0000;20;ТУ 23.61.11-003-50829991-2023;PL-447;main_por;face_granite_orange;product;0.00;Поребрик газонный 1000х200х80 Гранит Оранжевый 2 сорт;260.0;0.0;PL-4472S;5
441;Бордюры и поребрики;Поребрик газонный 1000х200х80 Гранит Серый;шт;470.00;660.00;36.110000;9.0000;20;ТУ 23.61.11-003-50829991-2023;PL-441;main_por;face_granite_grey;product;0.00;Поребрик газонный 1000х200х80 Гранит Серый 2 сорт;235.0;330.0;PL-4412S;5
444;Бордюры и поребрики;Поребрик газонный 1000х200х80 Гранит Черный;шт;520.00;0.00;36.110000;9.0000;20;ТУ 23.61.11-003-50829991-2023;PL-444;main_por;face_granite_black;product;0.00;Поребрик газонный 1000х200х80 Гранит Черный 2 сорт;260.0;0.0;PL-4442S;5
436;Бордюры и поребрики;Поребрик газонный 1000х200х80 Меланж Гладкий Оникс;шт;660.00;0.00;36.110000;9.0000;20;ТУ 23.61.11-003-50829991-2023;PL-436;main_por;face_mel_sm_onyx;product;0.00;Поребрик газонный 1000х200х80 Меланж Гладкий Оникс 2 сорт;330.0;0.0;PL-4362S;5
438;Бордюры и поребрики;Поребрик газонный 1000х200х80 Меланж Гладкий Рубин;шт;660.00;0.00;36.110000;9.0000;20;ТУ 23.61.11-003-50829991-2023;PL-438;main_por;face_mel_sm_ruby;product;0.00;Поребрик газонный 1000х200х80 Меланж Гладкий Рубин 2 сорт;330.0;0.0;PL-4382S;5
440;Бордюры и поребрики;Поребрик газонный 1000х200х80 Меланж Гладкий Янтарь;шт;660.00;0.00;36.110000;9.0000;20;ТУ 23.61.11-003-50829991-2023;PL-440;main_por;face_mel_sm_amber;product;0.00;Поребрик газонный 1000х200х80 Меланж Гладкий Янтарь 2 сорт;330.0;0.0;PL-4402S;5
439;Бордюры и поребрики;Поребрик газонный 1000х200х80 Меланж Гладкий Яшма;шт;660.00;0.00;36.110000;9.0000;20;ТУ 23.61.11-003-50829991-2023;PL-439;main_por;face_mel_sm_jasper;product;0.00;Поребрик газонный 1000х200х80 Меланж Гладкий Яшма 2 сорт;330.0;0.0;PL-4392S;5
450;Бордюры и поребрики;Поребрик газонный 1000х200х80 Меланж Гранит Рубин;шт;750.00;0.00;36.110000;9.0000;20;ТУ 23.61.11-003-50829991-2023;PL-450;main_por;face_mel_gr_ruby;product;0.00;Поребрик газонный 1000х200х80 Меланж Гранит Рубин 2 сорт;375.0;0.0;PL-4502S;5
452;Бордюры и поребрики;Поребрик газонный 1000х200х80 Меланж Гранит Янтарь;шт;750.00;0.00;36.110000;9.0000;20;ТУ 23.61.11-003-50829991-2023;PL-452;main_por;face_mel_gr_amber;product;0.00;Поребрик газонный 1000х200х80 Меланж Гранит Янтарь 2 сорт;375.0;0.0;PL-4522S;5
217;Плитка гладкая;Тротуарная плитка КВАДРАТ - 2.К.4 40мм Гладкая Белая;кв.м;950.00;855.00;90.280000;0.8000;8;ТУ 23.61.11-001-50829991-2023;PL-217;main_tile_40;face_smooth_white;product;25.00;Тротуарная плитка КВАДРАТ - 2.К.4 40мм Гладкая Белая 2 сорт;475.0;427.5;PL-2172S;5
214;Плитка гладкая;Тротуарная плитка КВАДРАТ - 2.К.4 40мм Гладкая Красная;кв.м;950.00;1350.00;90.280000;0.8000;8;ТУ 23.61.11-001-50829991-2023;PL-214;main_tile_40;face_smooth_red;product;0.00;Тротуарная плитка КВАДРАТ - 2.К.4 40мм Гладкая Красная 2 сорт;475.0;675.0;PL-2142S;5
219;Плитка гладкая;Тротуарная плитка КВАДРАТ - 2.К.4 40мм Гладкая Оранжевая;кв.м;960.00;1485.00;90.280000;0.8000;8;ТУ 23.61.11-001-50829991-2023;PL-219;main_tile_40;face_smooth_orange;product;0.00;Тротуарная плитка КВАДРАТ - 2.К.4 40мм Гладкая Оранжевая 2 сорт;480.0;742.5;PL-2192S;5
213;Плитка гладкая;Тротуарная плитка КВАДРАТ - 2.К.4 40мм Гладкая Серая;кв.м;820.00;800.00;90.280000;0.8000;8;ТУ 23.61.11-001-50829991-2023;PL-213;main_tile_40;face_smooth_grey;product;0.00;Тротуарная плитка КВАДРАТ - 2.К.4 40мм Гладкая Серая 2 сорт;410.0;400.0;PL-2132S;5
238;Плитка гладкая;Тротуарная плитка КВАДРАТ - 2.К.6 60мм Гладкая Красная;кв.м;1100.00;1350.00;135.160000;0.8000;9;ТУ 23.61.11-001-50829991-2023;PL-238;main_tile_60;face_smooth_red;product;0.00;Тротуарная плитка КВАДРАТ - 2.К.6 60мм Гладкая Красная 2 сорт;550.0;675.0;PL-2382S;5
243;Плитка гладкая;Тротуарная плитка КВАДРАТ - 2.К.6 60мм Гладкая Оранжевая;кв.м;1110.00;1485.00;135.160000;0.8000;9;ТУ 23.61.11-001-50829991-2023;PL-243;main_tile_60;face_smooth_orange;product;0.00;Тротуарная плитка КВАДРАТ - 2.К.6 60мм Гладкая Оранжевая 2 сорт;555.0;742.5;PL-2432S;5
240;Плитка гладкая;Тротуарная плитка КВАДРАТ - 2.К.6 60мм Гладкая Черная;кв.м;1100.00;1350.00;135.160000;0.8000;9;ТУ 23.61.11-001-50829991-2023;PL-240;main_tile_60;face_smooth_black;product;0.00;Тротуарная плитка КВАДРАТ - 2.К.6 60мм Гладкая Черная 2 сорт;550.0;675.0;PL-2402S;5
265;Плитка гладкая;Тротуарная плитка КЛАССИКО - 2.КО.4 40мм Гладкая Белая;кв.м;1010.00;1350.00;86.270000;0.7000;15;ТУ 23.61.11-001-50829991-2023;PL-265;main_tile_40;face_smooth_white;product;0.00;Тротуарная плитка КЛАССИКО - 2.КО.4 40мм Гладкая Белая 2 сорт;505.0;675.0;PL-2652S;5
262;Плитка гладкая;Тротуарная плитка КЛАССИКО - 2.КО.4 40мм Гладкая Красная;кв.м;1010.00;1350.00;86.270000;0.7000;15;ТУ 23.61.11-001-50829991-2023;PL-262;main_tile_40;face_smooth_red;product;0.00;Тротуарная плитка КЛАССИКО - 2.КО.4 40мм Гладкая Красная 2 сорт;505.0;675.0;PL-2622S;5
267;Плитка гладкая;Тротуарная плитка КЛАССИКО - 2.КО.4 40мм Гладкая Оранжевая;кв.м;1120.00;1440.00;86.270000;0.7000;15;ТУ 23.61.11-001-50829991-2023;PL-267;main_tile_40;face_smooth_orange;product;0.00;Тротуарная плитка КЛАССИКО - 2.КО.4 40мм Гладкая Оранжевая 2 сорт;560.0;720.0;PL-2672S;5
264;Плитка гладкая;Тротуарная плитка КЛАССИКО - 2.КО.4 40мм Гладкая Черная;кв.м;1010.00;1350.00;86.270000;0.7000;15;ТУ 23.61.11-001-50829991-2023;PL-264;main_tile_40;face_smooth_black;product;0.00;Тротуарная плитка КЛАССИКО - 2.КО.4 40мм Гладкая Черная 2 сорт;505.0;675.0;PL-2642S;5
287;Плитка гладкая;Тротуарная плитка КЛАССИКО - 2.КО.6 60мм Гладкая Коричневая;кв.м;1140.00;1350.00;129.460000;0.7000;16;ТУ 23.61.11-001-50829991-2023;PL-287;main_tile_60;face_smooth_brown;product;0.00;Тротуарная плитка КЛАССИКО - 2.КО.6 60мм Гладкая Коричневая 2 сорт;570.0;675.0;PL-2872S;5
286;Плитка гладкая;Тротуарная плитка КЛАССИКО - 2.КО.6 60мм Гладкая Красная;кв.м;1140.00;1350.00;129.460000;0.7000;16;ТУ 23.61.11-001-50829991-2023;PL-286;main_tile_60;face_smooth_red;product;0.00;Тротуарная плитка КЛАССИКО - 2.КО.6 60мм Гладкая Красная 2 сорт;570.0;675.0;PL-2862S;5
291;Плитка гладкая;Тротуарная плитка КЛАССИКО - 2.КО.6 60мм Гладкая Оранжевая;кв.м;1150.00;1440.00;129.460000;0.7000;16;ТУ 23.61.11-001-50829991-2023;PL-291;main_tile_60;face_smooth_orange;product;0.00;Тротуарная плитка КЛАССИКО - 2.КО.6 60мм Гладкая Оранжевая 2 сорт;575.0;720.0;PL-2912S;5
288;Плитка гладкая;Тротуарная плитка КЛАССИКО - 2.КО.6 60мм Гладкая Черная;кв.м;1140.00;1350.00;129.460000;0.7000;16;ТУ 23.61.11-001-50829991-2023;PL-288;main_tile_60;face_smooth_black;product;0.00;Тротуарная плитка КЛАССИКО - 2.КО.6 60мм Гладкая Черная 2 сорт;570.0;675.0;PL-2882S;5
385;Плитка гладкая;Тротуарная плитка ПАРКЕТ - 1.ПР.8 80мм Гладкая Белая;кв.м;1650.00;2205.00;183.600000;0.6800;17;ТУ 23.61.11-001-50829991-2023;PL-385;main_tile_80;face_smooth_white;product;0.00;Тротуарная плитка ПАРКЕТ - 1.ПР.8 80мм Гладкая Белая 2 сорт;825.0;1102.5;PL-3852S;5
386;Плитка гладкая;Тротуарная плитка ПАРКЕТ - 1.ПР.8 80мм Гладкая Желтая;кв.м;1700.00;2295.00;183.600000;0.6800;17;ТУ 23.61.11-001-50829991-2023;PL-386;main_tile_80;face_smooth_yellow;product;0.00;Тротуарная плитка ПАРКЕТ - 1.ПР.8 80мм Гладкая Желтая 2 сорт;850.0;1147.5;PL-3862S;5
382;Плитка гладкая;Тротуарная плитка ПАРКЕТ - 1.ПР.8 80мм Гладкая Красная;кв.м;1600.00;2160.00;183.600000;0.6800;17;ТУ 23.61.11-001-50829991-2023;PL-382;main_tile_80;face_smooth_red;product;0.00;Тротуарная плитка ПАРКЕТ - 1.ПР.8 80мм Гладкая Красная 2 сорт;800.0;1080.0;PL-3822S;5
387;Плитка гладкая;Тротуарная плитка ПАРКЕТ - 1.ПР.8 80мм Гладкая Оранжевая;кв.м;1700.00;2295.00;183.600000;0.6800;17;ТУ 23.61.11-001-50829991-2023;PL-387;main_tile_80;face_smooth_orange;product;0.00;Тротуарная плитка ПАРКЕТ - 1.ПР.8 80мм Гладкая Оранжевая 2 сорт;850.0;1147.5;PL-3872S;5
381;Плитка гладкая;Тротуарная плитка ПАРКЕТ - 1.ПР.8 80мм Гладкая Серая;кв.м;1450.00;2385.00;183.600000;0.6800;17;ТУ 23.61.11-001-50829991-2023;PL-381;main_tile_80;face_smooth_grey;product;0.00;Тротуарная плитка ПАРКЕТ - 1.ПР.8 80мм Гладкая Серая 2 сорт;725.0;1192.5;PL-3812S;5
384;Плитка гладкая;Тротуарная плитка ПАРКЕТ - 1.ПР.8 80мм Гладкая Черная;кв.м;1600.00;2160.00;183.600000;0.6800;17;ТУ 23.61.11-001-50829991-2023;PL-384;main_tile_80;face_smooth_black;product;0.00;Тротуарная плитка ПАРКЕТ - 1.ПР.8 80мм Гладкая Черная 2 сорт;800.0;1080.0;PL-3842S;5
409;Плитка гладкая;Тротуарная плитка ПЛИТА - 3.П.8 80мм Гладкая Белая;кв.м;1650.00;2205.00;216.050000;0.5400;18;ТУ 23.61.11-001-50829991-2023;PL-409;main_tile_80;face_smooth_white;product;0.00;Тротуарная плитка ПЛИТА - 3.П.8 80мм Гладкая Белая 2 сорт;825.0;1102.5;PL-4092S;5
410;Плитка гладкая;Тротуарная плитка ПЛИТА - 3.П.8 80мм Гладкая Желтая;кв.м;1700.00;2295.00;216.050000;0.5400;18;ТУ 23.61.11-001-50829991-2023;PL-410;main_tile_80;face_smooth_yellow;product;0.00;Тротуарная плитка ПЛИТА - 3.П.8 80мм Гладкая Желтая 2 сорт;850.0;1147.5;PL-4102S;5
407;Плитка гладкая;Тротуарная плитка ПЛИТА - 3.П.8 80мм Гладкая Коричневая;кв.м;1600.00;2160.00;216.050000;0.5400;18;ТУ 23.61.11-001-50829991-2023;PL-407;main_tile_80;face_smooth_brown;product;0.00;Тротуарная плитка ПЛИТА - 3.П.8 80мм Гладкая Коричневая 2 сорт;800.0;1080.0;PL-4072S;5
406;Плитка гладкая;Тротуарная плитка ПЛИТА - 3.П.8 80мм Гладкая Красная;кв.м;1600.00;2160.00;216.050000;0.5400;18;ТУ 23.61.11-001-50829991-2023;PL-406;main_tile_80;face_smooth_red;product;0.00;Тротуарная плитка ПЛИТА - 3.П.8 80мм Гладкая Красная 2 сорт;800.0;1080.0;PL-4062S;5
411;Плитка гладкая;Тротуарная плитка ПЛИТА - 3.П.8 80мм Гладкая Оранжевая;кв.м;1700.00;2295.00;216.050000;0.5400;18;ТУ 23.61.11-001-50829991-2023;PL-411;main_tile_80;face_smooth_orange;product;0.00;Тротуарная плитка ПЛИТА - 3.П.8 80мм Гладкая Оранжевая 2 сорт;850.0;1147.5;PL-4112S;5
408;Плитка гладкая;Тротуарная плитка ПЛИТА - 3.П.8 80мм Гладкая Черная;кв.м;1600.00;2160.00;216.050000;0.5400;18;ТУ 23.61.11-001-50829991-2023;PL-408;main_tile_80;face_smooth_black;product;0.00;Тротуарная плитка ПЛИТА - 3.П.8 80мм Гладкая Черная 2 сорт;800.0;1080.0;PL-4082S;5
167;Плитка гладкая;Тротуарная плитка ПРЯМОУГОЛЬНИК - 2.П.4 40мм Гладкая Коричневая;кв.м;950.00;1350.00;90.280000;0.8000;10;ТУ 23.61.11-001-50829991-2023;PL-167;main_tile_40;face_smooth_brown;product;0.00;Тротуарная плитка ПРЯМОУГОЛЬНИК - 2.П.4 40мм Гладкая Коричневая 2 сорт;475.0;675.0;PL-1672S;5
166;Плитка гладкая;Тротуарная плитка ПРЯМОУГОЛЬНИК - 2.П.4 40мм Гладкая Красная;кв.м;950.00;1350.00;90.280000;0.8000;10;ТУ 23.61.11-001-50829991-2023;PL-166;main_tile_40;face_smooth_red;product;0.00;Тротуарная плитка ПРЯМОУГОЛЬНИК - 2.П.4 40мм Гладкая Красная 2 сорт;475.0;675.0;PL-1662S;5
171;Плитка гладкая;Тротуарная плитка ПРЯМОУГОЛЬНИК - 2.П.4 40мм Гладкая Оранжевая;кв.м;960.00;1485.00;90.280000;0.8000;10;ТУ 23.61.11-001-50829991-2023;PL-171;main_tile_40;face_smooth_orange;product;0.00;Тротуарная плитка ПРЯМОУГОЛЬНИК - 2.П.4 40мм Гладкая Оранжевая 2 сорт;480.0;742.5;PL-1712S;5
191;Плитка гладкая;Тротуарная плитка ПРЯМОУГОЛЬНИК - 2.П.6 60мм Гладкая Коричневая;кв.м;1100.00;1350.00;135.160000;0.8000;11;ТУ 23.61.11-001-50829991-2023;PL-191;main_tile_60;face_smooth_brown;product;0.00;Тротуарная плитка ПРЯМОУГОЛЬНИК - 2.П.6 60мм Гладкая Коричневая 2 сорт;550.0;675.0;PL-1912S;5
190;Плитка гладкая;Тротуарная плитка ПРЯМОУГОЛЬНИК - 2.П.6 60мм Гладкая Красная;кв.м;1100.00;1350.00;135.160000;0.8000;11;ТУ 23.61.11-001-50829991-2023;PL-190;main_tile_60;face_smooth_red;product;0.00;Тротуарная плитка ПРЯМОУГОЛЬНИК - 2.П.6 60мм Гладкая Красная 2 сорт;550.0;675.0;PL-1902S;5
195;Плитка гладкая;Тротуарная плитка ПРЯМОУГОЛЬНИК - 2.П.6 60мм Гладкая Оранжевая;кв.м;1110.00;1485.00;135.160000;0.8000;11;ТУ 23.61.11-001-50829991-2023;PL-195;main_tile_60;face_smooth_orange;product;0.00;Тротуарная плитка ПРЯМОУГОЛЬНИК - 2.П.6 60мм Гладкая Оранжевая 2 сорт;555.0;742.5;PL-1952S;5
313;Плитка гладкая;Тротуарная плитка СИТИ-МИКС - 1.СМ.4 40мм Гладкая Белая;кв.м;1100.00;2205.00;88.890000;0.7500;12;ТУ 23.61.11-001-50829991-2023;PL-313;main_tile_40;face_smooth_white;product;0.00;Тротуарная плитка СИТИ-МИКС - 1.СМ.4 40мм Гладкая Белая 2 сорт;550.0;1102.5;PL-3132S;5
314;Плитка гладкая;Тротуарная плитка СИТИ-МИКС - 1.СМ.4 40мм Гладкая Желтая;кв.м;1110.00;2295.00;88.890000;0.7500;12;ТУ 23.61.11-001-50829991-2023;PL-314;main_tile_40;face_smooth_yellow;product;0.00;Тротуарная плитка СИТИ-МИКС - 1.СМ.4 40мм Гладкая Желтая 2 сорт;555.0;1147.5;PL-3142S;5
311;Плитка гладкая;Тротуарная плитка СИТИ-МИКС - 1.СМ.4 40мм Гладкая Коричневая;кв.м;1010.00;2160.00;88.890000;0.7500;12;ТУ 23.61.11-001-50829991-2023;PL-311;main_tile_40;face_smooth_brown;product;0.00;Тротуарная плитка СИТИ-МИКС - 1.СМ.4 40мм Гладкая Коричневая 2 сорт;505.0;1080.0;PL-3112S;5
310;Плитка гладкая;Тротуарная плитка СИТИ-МИКС - 1.СМ.4 40мм Гладкая Красная;кв.м;1010.00;2160.00;88.890000;0.7500;12;ТУ 23.61.11-001-50829991-2023;PL-310;main_tile_40;face_smooth_red;product;0.00;Тротуарная плитка СИТИ-МИКС - 1.СМ.4 40мм Гладкая Красная 2 сорт;505.0;1080.0;PL-3102S;5
315;Плитка гладкая;Тротуарная плитка СИТИ-МИКС - 1.СМ.4 40мм Гладкая Оранжевая;кв.м;1110.00;2295.00;88.890000;0.7500;12;ТУ 23.61.11-001-50829991-2023;PL-315;main_tile_40;face_smooth_orange;product;0.00;Тротуарная плитка СИТИ-МИКС - 1.СМ.4 40мм Гладкая Оранжевая 2 сорт;555.0;1147.5;PL-3152S;5
309;Плитка гладкая;Тротуарная плитка СИТИ-МИКС - 1.СМ.4 40мм Гладкая Серая;кв.м;870.00;2385.00;88.890000;0.7500;12;ТУ 23.61.11-001-50829991-2023;PL-309;main_tile_40;face_smooth_grey;product;0.00;Тротуарная плитка СИТИ-МИКС - 1.СМ.4 40мм Гладкая Серая 2 сорт;435.0;1192.5;PL-3092S;5
312;Плитка гладкая;Тротуарная плитка СИТИ-МИКС - 1.СМ.4 40мм Гладкая Черная;кв.м;1010.00;2160.00;88.890000;0.7500;12;ТУ 23.61.11-001-50829991-2023;PL-312;main_tile_40;face_smooth_black;product;0.00;Тротуарная плитка СИТИ-МИКС - 1.СМ.4 40мм Гладкая Черная 2 сорт;505.0;1080.0;PL-3122S;5
337;Плитка гладкая;Тротуарная плитка СИТИ-МИКС - 1.СМ.6 60мм Гладкая Белая;кв.м;1140.00;2205.00;104.170000;0.7500;13;ТУ 23.61.11-001-50829991-2023;PL-337;main_tile_60;face_smooth_white;product;0.00;Тротуарная плитка СИТИ-МИКС - 1.СМ.6 60мм Гладкая Белая 2 сорт;570.0;1102.5;PL-3372S;5
338;Плитка гладкая;Тротуарная плитка СИТИ-МИКС - 1.СМ.6 60мм Гладкая Желтая;кв.м;1150.00;2295.00;104.170000;0.7500;13;ТУ 23.61.11-001-50829991-2023;PL-338;main_tile_60;face_smooth_yellow;product;0.00;Тротуарная плитка СИТИ-МИКС - 1.СМ.6 60мм Гладкая Желтая 2 сорт;575.0;1147.5;PL-3382S;5
335;Плитка гладкая;Тротуарная плитка СИТИ-МИКС - 1.СМ.6 60мм Гладкая Коричневая;кв.м;1140.00;2160.00;104.170000;0.7500;13;ТУ 23.61.11-001-50829991-2023;PL-335;main_tile_60;face_smooth_brown;product;0.00;Тротуарная плитка СИТИ-МИКС - 1.СМ.6 60мм Гладкая Коричневая 2 сорт;570.0;1080.0;PL-3352S;5
334;Плитка гладкая;Тротуарная плитка СИТИ-МИКС - 1.СМ.6 60мм Гладкая Красная;кв.м;1140.00;2160.00;104.170000;0.7500;13;ТУ 23.61.11-001-50829991-2023;PL-334;main_tile_60;face_smooth_red;product;0.00;Тротуарная плитка СИТИ-МИКС - 1.СМ.6 60мм Гладкая Красная 2 сорт;570.0;1080.0;PL-3342S;5
339;Плитка гладкая;Тротуарная плитка СИТИ-МИКС - 1.СМ.6 60мм Гладкая Оранжевая;кв.м;1150.00;2295.00;104.170000;0.7500;13;ТУ 23.61.11-001-50829991-2023;PL-339;main_tile_60;face_smooth_orange;product;0.00;Тротуарная плитка СИТИ-МИКС - 1.СМ.6 60мм Гладкая Оранжевая 2 сорт;575.0;1147.5;PL-3392S;5
333;Плитка гладкая;Тротуарная плитка СИТИ-МИКС - 1.СМ.6 60мм Гладкая Серая;кв.м;1040.00;2385.00;104.170000;0.7500;13;ТУ 23.61.11-001-50829991-2023;PL-333;main_tile_60;face_smooth_grey;product;0.00;Тротуарная плитка СИТИ-МИКС - 1.СМ.6 60мм Гладкая Серая 2 сорт;520.0;1192.5;PL-3332S;5
336;Плитка гладкая;Тротуарная плитка СИТИ-МИКС - 1.СМ.6 60мм Гладкая Черная;кв.м;1140.00;2160.00;104.170000;0.7500;13;ТУ 23.61.11-001-50829991-2023;PL-336;main_tile_60;face_smooth_black;product;0.00;Тротуарная плитка СИТИ-МИКС - 1.СМ.6 60мм Гладкая Черная 2 сорт;570.0;1080.0;PL-3362S;5
361;Плитка гладкая;Тротуарная плитка СИТИ-МИКС - 1.СМ.8 80мм Гладкая Белая;кв.м;1650.00;2205.00;151.110000;0.7500;14;ТУ 23.61.11-001-50829991-2023;PL-361;main_tile_80;face_smooth_white;product;0.00;Тротуарная плитка СИТИ-МИКС - 1.СМ.8 80мм Гладкая Белая 2 сорт;825.0;1102.5;PL-3612S;5
362;Плитка гладкая;Тротуарная плитка СИТИ-МИКС - 1.СМ.8 80мм Гладкая Желтая;кв.м;1700.00;2295.00;151.110000;0.7500;14;ТУ 23.61.11-001-50829991-2023;PL-362;main_tile_80;face_smooth_yellow;product;0.00;Тротуарная плитка СИТИ-МИКС - 1.СМ.8 80мм Гладкая Желтая 2 сорт;850.0;1147.5;PL-3622S;5
359;Плитка гладкая;Тротуарная плитка СИТИ-МИКС - 1.СМ.8 80мм Гладкая Коричневая;кв.м;1600.00;2160.00;151.110000;0.7500;14;ТУ 23.61.11-001-50829991-2023;PL-359;main_tile_80;face_smooth_brown;product;0.00;Тротуарная плитка СИТИ-МИКС - 1.СМ.8 80мм Гладкая Коричневая 2 сорт;800.0;1080.0;PL-3592S;5
358;Плитка гладкая;Тротуарная плитка СИТИ-МИКС - 1.СМ.8 80мм Гладкая Красная;кв.м;1600.00;2160.00;151.110000;0.7500;14;ТУ 23.61.11-001-50829991-2023;PL-358;main_tile_80;face_smooth_red;product;0.00;Тротуарная плитка СИТИ-МИКС - 1.СМ.8 80мм Гладкая Красная 2 сорт;800.0;1080.0;PL-3582S;5
363;Плитка гладкая;Тротуарная плитка СИТИ-МИКС - 1.СМ.8 80мм Гладкая Оранжевая;кв.м;1700.00;2295.00;151.110000;0.7500;14;ТУ 23.61.11-001-50829991-2023;PL-363;main_tile_80;face_smooth_orange;product;0.00;Тротуарная плитка СИТИ-МИКС - 1.СМ.8 80мм Гладкая Оранжевая 2 сорт;850.0;1147.5;PL-3632S;5
360;Плитка гладкая;Тротуарная плитка СИТИ-МИКС - 1.СМ.8 80мм Гладкая Черная;кв.м;1600.00;2160.00;151.110000;0.7500;14;ТУ 23.61.11-001-50829991-2023;PL-360;main_tile_80;face_smooth_black;product;0.00;Тротуарная плитка СИТИ-МИКС - 1.СМ.8 80мм Гладкая Черная 2 сорт;800.0;1080.0;PL-3602S;5
554;Плитка гладкая;Тротуарная плитка УРИКО -  2.У.6 60мм Гладкая Белая;кв.м;1140.00;0.00;0.000000;1.0000;;;2U6-GB;main_tile_60;face_smooth_white;product;0.00;Тротуарная плитка УРИКО -  2.У.6 60мм Гладкая Белая 2 сорт;570.0;0.0;2U6-GB2S;5
555;Плитка гладкая;Тротуарная плитка УРИКО -  2.У.6 60мм Меланж Гладкая Осень;кв.м;1550.00;0.00;0.000000;1.0000;;;2U6-MGO;main_tile_60;face_mel_sm_autumn;product;0.00;Тротуарная плитка УРИКО -  2.У.6 60мм Меланж Гладкая Осень 2 сорт;775.0;0.0;2U6-MGO2S;5
230;Плитка гранитная;Тротуарная плитка КВАДРАТ - 2.К.4 40мм Гранит Желтая;кв.м;1450.00;1485.00;90.280000;0.8000;8;ТУ 23.61.11-001-50829991-2023;PL-230;main_tile_40;face_granite_yellow;product;0.00;Тротуарная плитка КВАДРАТ - 2.К.4 40мм Гранит Желтая 2 сорт;725.0;742.5;PL-2302S;5
227;Плитка гранитная;Тротуарная плитка КВАДРАТ - 2.К.4 40мм Гранит Коричневая;кв.м;1350.00;1350.00;90.280000;0.8000;8;ТУ 23.61.11-001-50829991-2023;PL-227;main_tile_40;face_granite_brown;product;0.00;Тротуарная плитка КВАДРАТ - 2.К.4 40мм Гранит Коричневая 2 сорт;675.0;675.0;PL-2272S;5
226;Плитка гранитная;Тротуарная плитка КВАДРАТ - 2.К.4 40мм Гранит Красная;кв.м;1350.00;1350.00;90.280000;0.8000;8;ТУ 23.61.11-001-50829991-2023;PL-226;main_tile_40;face_granite_red;product;0.00;Тротуарная плитка КВАДРАТ - 2.К.4 40мм Гранит Красная 2 сорт;675.0;675.0;PL-2262S;5
231;Плитка гранитная;Тротуарная плитка КВАДРАТ - 2.К.4 40мм Гранит Оранжевая;кв.м;1450.00;1485.00;90.280000;0.8000;8;ТУ 23.61.11-001-50829991-2023;PL-231;main_tile_40;face_granite_orange;product;0.00;Тротуарная плитка КВАДРАТ - 2.К.4 40мм Гранит Оранжевая 2 сорт;725.0;742.5;PL-2312S;5
225;Плитка гранитная;Тротуарная плитка КВАДРАТ - 2.К.4 40мм Гранит Серая;кв.м;1150.00;1485.00;90.280000;0.8000;8;ТУ 23.61.11-001-50829991-2023;PL-225;main_tile_40;face_granite_grey;product;0.00;Тротуарная плитка КВАДРАТ - 2.К.4 40мм Гранит Серая 2 сорт;575.0;742.5;PL-2252S;5
251;Плитка гранитная;Тротуарная плитка КВАДРАТ - 2.К.6 60мм Гранит Коричневая;кв.м;1500.00;1350.00;135.160000;0.8000;9;ТУ 23.61.11-001-50829991-2023;PL-251;main_tile_60;face_granite_brown;product;0.00;Тротуарная плитка КВАДРАТ - 2.К.6 60мм Гранит Коричневая 2 сорт;750.0;675.0;PL-2512S;5
250;Плитка гранитная;Тротуарная плитка КВАДРАТ - 2.К.6 60мм Гранит Красная;кв.м;1500.00;1350.00;135.160000;0.8000;9;ТУ 23.61.11-001-50829991-2023;PL-250;main_tile_60;face_granite_red;product;0.00;Тротуарная плитка КВАДРАТ - 2.К.6 60мм Гранит Красная 2 сорт;750.0;675.0;PL-2502S;5
255;Плитка гранитная;Тротуарная плитка КВАДРАТ - 2.К.6 60мм Гранит Оранжевая;кв.м;1650.00;1485.00;135.160000;0.8000;9;ТУ 23.61.11-001-50829991-2023;PL-255;main_tile_60;face_granite_orange;product;0.00;Тротуарная плитка КВАДРАТ - 2.К.6 60мм Гранит Оранжевая 2 сорт;825.0;742.5;PL-2552S;5
252;Плитка гранитная;Тротуарная плитка КВАДРАТ - 2.К.6 60мм Гранит Черная;кв.м;1050.00;1350.00;135.160000;0.8000;9;ТУ 23.61.11-001-50829991-2023;PL-252;main_tile_60;face_granite_black;product;0.00;Тротуарная плитка КВАДРАТ - 2.К.6 60мм Гранит Черная 2 сорт;525.0;675.0;PL-2522S;5
277;Плитка гранитная;Тротуарная плитка КЛАССИКО - 2.КО.4 40мм Гранит Белая;кв.м;1400.00;1350.00;86.270000;0.7000;15;ТУ 23.61.11-001-50829991-2023;PL-277;main_tile_40;face_granite_white;product;0.00;Тротуарная плитка КЛАССИКО - 2.КО.4 40мм Гранит Белая 2 сорт;700.0;675.0;PL-2772S;5
278;Плитка гранитная;Тротуарная плитка КЛАССИКО - 2.КО.4 40мм Гранит Желтая;кв.м;1450.00;1440.00;86.270000;0.7000;15;ТУ 23.61.11-001-50829991-2023;PL-278;main_tile_40;face_granite_yellow;product;0.00;Тротуарная плитка КЛАССИКО - 2.КО.4 40мм Гранит Желтая 2 сорт;725.0;720.0;PL-2782S;5
275;Плитка гранитная;Тротуарная плитка КЛАССИКО - 2.КО.4 40мм Гранит Коричневая;кв.м;1400.00;1350.00;86.270000;0.7000;15;ТУ 23.61.11-001-50829991-2023;PL-275;main_tile_40;face_granite_brown;product;0.00;Тротуарная плитка КЛАССИКО - 2.КО.4 40мм Гранит Коричневая 2 сорт;700.0;675.0;PL-2752S;5
273;Плитка гранитная;Тротуарная плитка КЛАССИКО - 2.КО.4 40мм Гранит Серая;кв.м;1200.00;1485.00;86.270000;0.7000;15;ТУ 23.61.11-001-50829991-2023;PL-273;main_tile_40;face_granite_grey;product;0.00;Тротуарная плитка КЛАССИКО - 2.КО.4 40мм Гранит Серая 2 сорт;600.0;742.5;PL-2732S;5
301;Плитка гранитная;Тротуарная плитка КЛАССИКО - 2.КО.6 60мм Гранит Белая;кв.м;1550.00;1350.00;129.460000;0.7000;16;ТУ 23.61.11-001-50829991-2023;PL-301;main_tile_60;face_granite_white;product;0.00;Тротуарная плитка КЛАССИКО - 2.КО.6 60мм Гранит Белая 2 сорт;775.0;675.0;PL-3012S;5
302;Плитка гранитная;Тротуарная плитка КЛАССИКО - 2.КО.6 60мм Гранит Желтая;кв.м;1650.00;1440.00;129.460000;0.7000;16;ТУ 23.61.11-001-50829991-2023;PL-302;main_tile_60;face_granite_yellow;product;0.00;Тротуарная плитка КЛАССИКО - 2.КО.6 60мм Гранит Желтая 2 сорт;825.0;720.0;PL-3022S;5
299;Плитка гранитная;Тротуарная плитка КЛАССИКО - 2.КО.6 60мм Гранит Коричневая;кв.м;1500.00;1350.00;129.460000;0.7000;16;ТУ 23.61.11-001-50829991-2023;PL-299;main_tile_60;face_granite_brown;product;0.00;Тротуарная плитка КЛАССИКО - 2.КО.6 60мм Гранит Коричневая 2 сорт;750.0;675.0;PL-2992S;5
298;Плитка гранитная;Тротуарная плитка КЛАССИКО - 2.КО.6 60мм Гранит Красная;кв.м;1500.00;1350.00;129.460000;0.7000;16;ТУ 23.61.11-001-50829991-2023;PL-298;main_tile_60;face_granite_red;product;0.00;Тротуарная плитка КЛАССИКО - 2.КО.6 60мм Гранит Красная 2 сорт;750.0;675.0;PL-2982S;5
303;Плитка гранитная;Тротуарная плитка КЛАССИКО - 2.КО.6 60мм Гранит Оранжевая;кв.м;1550.00;1440.00;129.460000;0.7000;16;ТУ 23.61.11-001-50829991-2023;PL-303;main_tile_60;face_granite_orange;product;0.00;Тротуарная плитка КЛАССИКО - 2.КО.6 60мм Гранит Оранжевая 2 сорт;775.0;720.0;PL-3032S;5
297;Плитка гранитная;Тротуарная плитка КЛАССИКО - 2.КО.6 60мм Гранит Серая;кв.м;1400.00;1485.00;129.460000;0.7000;16;ТУ 23.61.11-001-50829991-2023;PL-297;main_tile_60;face_granite_grey;product;0.00;Тротуарная плитка КЛАССИКО - 2.КО.6 60мм Гранит Серая 2 сорт;700.0;742.5;PL-2972S;5
398;Плитка гранитная;Тротуарная плитка ПАРКЕТ - 1.ПР.8 80мм Гранит Желтая;кв.м;2550.00;2295.00;183.600000;0.6800;17;ТУ 23.61.11-001-50829991-2023;PL-398;main_tile_80;face_granite_yellow;product;0.00;Тротуарная плитка ПАРКЕТ - 1.ПР.8 80мм Гранит Желтая 2 сорт;1275.0;1147.5;PL-3982S;5
394;Плитка гранитная;Тротуарная плитка ПАРКЕТ - 1.ПР.8 80мм Гранит Красная;кв.м;2400.00;2160.00;183.600000;0.6800;17;ТУ 23.61.11-001-50829991-2023;PL-394;main_tile_80;face_granite_red;product;0.00;Тротуарная плитка ПАРКЕТ - 1.ПР.8 80мм Гранит Красная 2 сорт;1200.0;1080.0;PL-3942S;5
399;Плитка гранитная;Тротуарная плитка ПАРКЕТ - 1.ПР.8 80мм Гранит Оранжевая;кв.м;2550.00;2295.00;183.600000;0.6800;17;ТУ 23.61.11-001-50829991-2023;PL-399;main_tile_80;face_granite_orange;product;0.00;Тротуарная плитка ПАРКЕТ - 1.ПР.8 80мм Гранит Оранжевая 2 сорт;1275.0;1147.5;PL-3992S;5
396;Плитка гранитная;Тротуарная плитка ПАРКЕТ - 1.ПР.8 80мм Гранит Черная;кв.м;2400.00;2160.00;183.600000;0.6800;17;ТУ 23.61.11-001-50829991-2023;PL-396;main_tile_80;face_granite_black;product;0.00;Тротуарная плитка ПАРКЕТ - 1.ПР.8 80мм Гранит Черная 2 сорт;1200.0;1080.0;PL-3962S;5
421;Плитка гранитная;Тротуарная плитка ПЛИТА - 3.П.8 80мм Гранит Белая;кв.м;2450.00;2205.00;216.050000;0.5400;18;ТУ 23.61.11-001-50829991-2023;PL-421;main_tile_80;face_granite_white;product;0.00;Тротуарная плитка ПЛИТА - 3.П.8 80мм Гранит Белая 2 сорт;1225.0;1102.5;PL-4212S;5
422;Плитка гранитная;Тротуарная плитка ПЛИТА - 3.П.8 80мм Гранит Желтая;кв.м;2550.00;2295.00;216.050000;0.5400;18;ТУ 23.61.11-001-50829991-2023;PL-422;main_tile_80;face_granite_yellow;product;0.00;Тротуарная плитка ПЛИТА - 3.П.8 80мм Гранит Желтая 2 сорт;1275.0;1147.5;PL-4222S;5
419;Плитка гранитная;Тротуарная плитка ПЛИТА - 3.П.8 80мм Гранит Коричневая;кв.м;2400.00;2160.00;216.050000;0.5400;18;ТУ 23.61.11-001-50829991-2023;PL-419;main_tile_80;face_granite_brown;product;0.00;Тротуарная плитка ПЛИТА - 3.П.8 80мм Гранит Коричневая 2 сорт;1200.0;1080.0;PL-4192S;5
418;Плитка гранитная;Тротуарная плитка ПЛИТА - 3.П.8 80мм Гранит Красная;кв.м;2400.00;2160.00;216.050000;0.5400;18;ТУ 23.61.11-001-50829991-2023;PL-418;main_tile_80;face_granite_red;product;0.00;Тротуарная плитка ПЛИТА - 3.П.8 80мм Гранит Красная 2 сорт;1200.0;1080.0;PL-4182S;5
423;Плитка гранитная;Тротуарная плитка ПЛИТА - 3.П.8 80мм Гранит Оранжевая;кв.м;2550.00;2295.00;216.050000;0.5400;18;ТУ 23.61.11-001-50829991-2023;PL-423;main_tile_80;face_granite_orange;product;0.00;Тротуарная плитка ПЛИТА - 3.П.8 80мм Гранит Оранжевая 2 сорт;1275.0;1147.5;PL-4232S;5
181;Плитка гранитная;Тротуарная плитка ПРЯМОУГОЛЬНИК - 2.П.4 40мм Гранит Белая;кв.м;945.00;1350.00;90.280000;0.8000;10;ТУ 23.61.11-001-50829991-2023;PL-181;main_tile_40;face_granite_white;product;0.00;Тротуарная плитка ПРЯМОУГОЛЬНИК - 2.П.4 40мм Гранит Белая 2 сорт;472.5;675.0;PL-1812S;5
182;Плитка гранитная;Тротуарная плитка ПРЯМОУГОЛЬНИК - 2.П.4 40мм Гранит Желтая;кв.м;1450.00;1485.00;90.280000;0.8000;10;ТУ 23.61.11-001-50829991-2023;PL-182;main_tile_40;face_granite_yellow;product;0.00;Тротуарная плитка ПРЯМОУГОЛЬНИК - 2.П.4 40мм Гранит Желтая 2 сорт;725.0;742.5;PL-1822S;5
179;Плитка гранитная;Тротуарная плитка ПРЯМОУГОЛЬНИК - 2.П.4 40мм Гранит Коричневая;кв.м;1350.00;1350.00;90.280000;0.8000;10;ТУ 23.61.11-001-50829991-2023;PL-179;main_tile_40;face_granite_brown;product;0.00;Тротуарная плитка ПРЯМОУГОЛЬНИК - 2.П.4 40мм Гранит Коричневая 2 сорт;675.0;675.0;PL-1792S;5
183;Плитка гранитная;Тротуарная плитка ПРЯМОУГОЛЬНИК - 2.П.4 40мм Гранит Оранжевая;кв.м;1450.00;1485.00;90.280000;0.8000;10;ТУ 23.61.11-001-50829991-2023;PL-183;main_tile_40;face_granite_orange;product;0.00;Тротуарная плитка ПРЯМОУГОЛЬНИК - 2.П.4 40мм Гранит Оранжевая 2 сорт;725.0;742.5;PL-1832S;5
205;Плитка гранитная;Тротуарная плитка ПРЯМОУГОЛЬНИК - 2.П.6 60мм Гранит Белая;кв.м;1050.00;1350.00;135.160000;0.8000;11;ТУ 23.61.11-001-50829991-2023;PL-205;main_tile_60;face_granite_white;product;0.00;Тротуарная плитка ПРЯМОУГОЛЬНИК - 2.П.6 60мм Гранит Белая 2 сорт;525.0;675.0;PL-2052S;5
206;Плитка гранитная;Тротуарная плитка ПРЯМОУГОЛЬНИК - 2.П.6 60мм Гранит Желтая;кв.м;1650.00;1485.00;135.160000;0.8000;11;ТУ 23.61.11-001-50829991-2023;PL-206;main_tile_60;face_granite_yellow;product;0.00;Тротуарная плитка ПРЯМОУГОЛЬНИК - 2.П.6 60мм Гранит Желтая 2 сорт;825.0;742.5;PL-2062S;5
203;Плитка гранитная;Тротуарная плитка ПРЯМОУГОЛЬНИК - 2.П.6 60мм Гранит Коричневая;кв.м;1500.00;1350.00;135.160000;0.8000;11;ТУ 23.61.11-001-50829991-2023;PL-203;main_tile_60;face_granite_brown;product;0.00;Тротуарная плитка ПРЯМОУГОЛЬНИК - 2.П.6 60мм Гранит Коричневая 2 сорт;750.0;675.0;PL-2032S;5
202;Плитка гранитная;Тротуарная плитка ПРЯМОУГОЛЬНИК - 2.П.6 60мм Гранит Красная;кв.м;1500.00;1350.00;135.160000;0.8000;11;ТУ 23.61.11-001-50829991-2023;PL-202;main_tile_60;face_granite_red;product;0.00;Тротуарная плитка ПРЯМОУГОЛЬНИК - 2.П.6 60мм Гранит Красная 2 сорт;750.0;675.0;PL-2022S;5
207;Плитка гранитная;Тротуарная плитка ПРЯМОУГОЛЬНИК - 2.П.6 60мм Гранит Оранжевая;кв.м;1650.00;1485.00;135.160000;0.8000;11;ТУ 23.61.11-001-50829991-2023;PL-207;main_tile_60;face_granite_orange;product;0.00;Тротуарная плитка ПРЯМОУГОЛЬНИК - 2.П.6 60мм Гранит Оранжевая 2 сорт;825.0;742.5;PL-2072S;5
204;Плитка гранитная;Тротуарная плитка ПРЯМОУГОЛЬНИК - 2.П.6 60мм Гранит Черная;кв.м;1500.00;1350.00;135.160000;0.8000;11;ТУ 23.61.11-001-50829991-2023;PL-204;main_tile_60;face_granite_black;product;0.00;Тротуарная плитка ПРЯМОУГОЛЬНИК - 2.П.6 60мм Гранит Черная 2 сорт;750.0;675.0;PL-2042S;5
325;Плитка гранитная;Тротуарная плитка СИТИ-МИКС - 1.СМ.4 40мм Гранит Белая;кв.м;1400.00;2205.00;88.890000;0.7500;12;ТУ 23.61.11-001-50829991-2023;PL-325;main_tile_40;face_granite_white;product;0.00;Тротуарная плитка СИТИ-МИКС - 1.СМ.4 40мм Гранит Белая 2 сорт;700.0;1102.5;PL-3252S;5
326;Плитка гранитная;Тротуарная плитка СИТИ-МИКС - 1.СМ.4 40мм Гранит Желтая;кв.м;1450.00;2295.00;88.890000;0.7500;12;ТУ 23.61.11-001-50829991-2023;PL-326;main_tile_40;face_granite_yellow;product;0.00;Тротуарная плитка СИТИ-МИКС - 1.СМ.4 40мм Гранит Желтая 2 сорт;725.0;1147.5;PL-3262S;5
323;Плитка гранитная;Тротуарная плитка СИТИ-МИКС - 1.СМ.4 40мм Гранит Коричневая;кв.м;1400.00;2160.00;88.890000;0.7500;12;ТУ 23.61.11-001-50829991-2023;PL-323;main_tile_40;face_granite_brown;product;0.00;Тротуарная плитка СИТИ-МИКС - 1.СМ.4 40мм Гранит Коричневая 2 сорт;700.0;1080.0;PL-3232S;5
322;Плитка гранитная;Тротуарная плитка СИТИ-МИКС - 1.СМ.4 40мм Гранит Красная;кв.м;1400.00;2160.00;88.890000;0.7500;12;ТУ 23.61.11-001-50829991-2023;PL-322;main_tile_40;face_granite_red;product;0.00;Тротуарная плитка СИТИ-МИКС - 1.СМ.4 40мм Гранит Красная 2 сорт;700.0;1080.0;PL-3222S;5
327;Плитка гранитная;Тротуарная плитка СИТИ-МИКС - 1.СМ.4 40мм Гранит Оранжевая;кв.м;1450.00;2295.00;88.890000;0.7500;12;ТУ 23.61.11-001-50829991-2023;PL-327;main_tile_40;face_granite_orange;product;0.00;Тротуарная плитка СИТИ-МИКС - 1.СМ.4 40мм Гранит Оранжевая 2 сорт;725.0;1147.5;PL-3272S;5
321;Плитка гранитная;Тротуарная плитка СИТИ-МИКС - 1.СМ.4 40мм Гранит Серая;кв.м;1200.00;2385.00;88.890000;0.7500;12;ТУ 23.61.11-001-50829991-2023;PL-321;main_tile_40;face_granite_grey;product;0.00;Тротуарная плитка СИТИ-МИКС - 1.СМ.4 40мм Гранит Серая 2 сорт;600.0;1192.5;PL-3212S;5
324;Плитка гранитная;Тротуарная плитка СИТИ-МИКС - 1.СМ.4 40мм Гранит Черная;кв.м;1400.00;2160.00;88.890000;0.7500;12;ТУ 23.61.11-001-50829991-2023;PL-324;main_tile_40;face_granite_black;product;0.00;Тротуарная плитка СИТИ-МИКС - 1.СМ.4 40мм Гранит Черная 2 сорт;700.0;1080.0;PL-3242S;5
349;Плитка гранитная;Тротуарная плитка СИТИ-МИКС - 1.СМ.6 60мм Гранит Белая;кв.м;1500.00;2205.00;104.170000;0.7500;13;ТУ 23.61.11-001-50829991-2023;PL-349;main_tile_60;face_granite_white;product;0.00;Тротуарная плитка СИТИ-МИКС - 1.СМ.6 60мм Гранит Белая 2 сорт;750.0;1102.5;PL-3492S;5
350;Плитка гранитная;Тротуарная плитка СИТИ-МИКС - 1.СМ.6 60мм Гранит Желтая;кв.м;1600.00;2295.00;104.170000;0.7500;13;ТУ 23.61.11-001-50829991-2023;PL-350;main_tile_60;face_granite_yellow;product;0.00;Тротуарная плитка СИТИ-МИКС - 1.СМ.6 60мм Гранит Желтая 2 сорт;800.0;1147.5;PL-3502S;5
347;Плитка гранитная;Тротуарная плитка СИТИ-МИКС - 1.СМ.6 60мм Гранит Коричневая;кв.м;1500.00;2160.00;104.170000;0.7500;13;ТУ 23.61.11-001-50829991-2023;PL-347;main_tile_60;face_granite_brown;product;0.00;Тротуарная плитка СИТИ-МИКС - 1.СМ.6 60мм Гранит Коричневая 2 сорт;750.0;1080.0;PL-3472S;5
346;Плитка гранитная;Тротуарная плитка СИТИ-МИКС - 1.СМ.6 60мм Гранит Красная;кв.м;1500.00;2160.00;104.170000;0.7500;13;ТУ 23.61.11-001-50829991-2023;PL-346;main_tile_60;face_granite_red;product;0.00;Тротуарная плитка СИТИ-МИКС - 1.СМ.6 60мм Гранит Красная 2 сорт;750.0;1080.0;PL-3462S;5
351;Плитка гранитная;Тротуарная плитка СИТИ-МИКС - 1.СМ.6 60мм Гранит Оранжевая;кв.м;1600.00;2295.00;104.170000;0.7500;13;ТУ 23.61.11-001-50829991-2023;PL-351;main_tile_60;face_granite_orange;product;0.00;Тротуарная плитка СИТИ-МИКС - 1.СМ.6 60мм Гранит Оранжевая 2 сорт;800.0;1147.5;PL-3512S;5
345;Плитка гранитная;Тротуарная плитка СИТИ-МИКС - 1.СМ.6 60мм Гранит Серая;кв.м;1400.00;2385.00;104.170000;0.7500;13;ТУ 23.61.11-001-50829991-2023;PL-345;main_tile_60;face_granite_grey;product;0.00;Тротуарная плитка СИТИ-МИКС - 1.СМ.6 60мм Гранит Серая 2 сорт;700.0;1192.5;PL-3452S;5
348;Плитка гранитная;Тротуарная плитка СИТИ-МИКС - 1.СМ.6 60мм Гранит Черная;кв.м;1500.00;2160.00;104.170000;0.7500;13;ТУ 23.61.11-001-50829991-2023;PL-348;main_tile_60;face_granite_black;product;0.00;Тротуарная плитка СИТИ-МИКС - 1.СМ.6 60мм Гранит Черная 2 сорт;750.0;1080.0;PL-3482S;5
373;Плитка гранитная;Тротуарная плитка СИТИ-МИКС - 1.СМ.8 80мм Гранит Белая;кв.м;2450.00;2205.00;151.110000;0.7500;14;ТУ 23.61.11-001-50829991-2023;PL-373;main_tile_80;face_granite_white;product;0.00;Тротуарная плитка СИТИ-МИКС - 1.СМ.8 80мм Гранит Белая 2 сорт;1225.0;1102.5;PL-3732S;5
374;Плитка гранитная;Тротуарная плитка СИТИ-МИКС - 1.СМ.8 80мм Гранит Желтая;кв.м;2550.00;2295.00;151.110000;0.7500;14;ТУ 23.61.11-001-50829991-2023;PL-374;main_tile_80;face_granite_yellow;product;0.00;Тротуарная плитка СИТИ-МИКС - 1.СМ.8 80мм Гранит Желтая 2 сорт;1275.0;1147.5;PL-3742S;5
371;Плитка гранитная;Тротуарная плитка СИТИ-МИКС - 1.СМ.8 80мм Гранит Коричневая;кв.м;2400.00;2160.00;151.110000;0.7500;14;ТУ 23.61.11-001-50829991-2023;PL-371;main_tile_80;face_granite_brown;product;0.00;Тротуарная плитка СИТИ-МИКС - 1.СМ.8 80мм Гранит Коричневая 2 сорт;1200.0;1080.0;PL-3712S;5
370;Плитка гранитная;Тротуарная плитка СИТИ-МИКС - 1.СМ.8 80мм Гранит Красная;кв.м;2400.00;2160.00;151.110000;0.7500;14;ТУ 23.61.11-001-50829991-2023;PL-370;main_tile_80;face_granite_red;product;0.00;Тротуарная плитка СИТИ-МИКС - 1.СМ.8 80мм Гранит Красная 2 сорт;1200.0;1080.0;PL-3702S;5
375;Плитка гранитная;Тротуарная плитка СИТИ-МИКС - 1.СМ.8 80мм Гранит Оранжевая;кв.м;2550.00;2295.00;151.110000;0.7500;14;ТУ 23.61.11-001-50829991-2023;PL-375;main_tile_80;face_granite_orange;product;0.00;Тротуарная плитка СИТИ-МИКС - 1.СМ.8 80мм Гранит Оранжевая 2 сорт;1275.0;1147.5;PL-3752S;5
372;Плитка гранитная;Тротуарная плитка СИТИ-МИКС - 1.СМ.8 80мм Гранит Черная;кв.м;2400.00;2160.00;151.110000;0.7500;14;ТУ 23.61.11-001-50829991-2023;PL-372;main_tile_80;face_granite_black;product;0.00;Тротуарная плитка СИТИ-МИКС - 1.СМ.8 80мм Гранит Черная 2 сорт;1200.0;1080.0;PL-3722S;5
572;Плитка гранитная;Тротуарная плитка УРИКО -  2.У.6 60мм Гранит Белая;кв.м;1550.00;0.00;0.000000;1.0000;;;2U6-GrB;main_tile_60;face_granite_white;product;0.00;Тротуарная плитка УРИКО -  2.У.6 60мм Гранит Белая 2 сорт;775.0;0.0;2U6-GrB2S;5
575;Плитка гранитная;Тротуарная плитка УРИКО -  2.У.6 60мм Гранит Серая;кв.м;1400.00;0.00;0.000000;1.0000;;;2U6-GrS;main_tile_60;face_granite_grey;product;0.00;Тротуарная плитка УРИКО -  2.У.6 60мм Гранит Серая 2 сорт;700.0;0.0;2U6-GrS2S;5
576;Плитка гранитная;Тротуарная плитка УРИКО -  2.У.6 60мм Гранит Черная;кв.м;1500.00;0.00;0.000000;1.0000;;;2U6-GrCh;main_tile_60;face_granite_black;product;0.00;Тротуарная плитка УРИКО -  2.У.6 60мм Гранит Черная 2 сорт;750.0;0.0;2U6-GrCh2S;5
573;Плитка гранитная;Тротуарная плитка УРИКО -  2.У.6 60мм Меланж Гранит Осень;кв.м;1650.00;0.00;0.000000;1.0000;;;2U6-MGrO;main_tile_60;face_mel_gr_autumn;product;0.00;Тротуарная плитка УРИКО -  2.У.6 60мм Меланж Гранит Осень 2 сорт;825.0;0.0;2U6-MGrO2S;5
574;Плитка гранитная;Тротуарная плитка УРИКО -  2.У.6 60мм Меланж Гранит Яшма;кв.м;1650.00;0.00;0.000000;1.0000;;;2U6-MgrY;main_tile_60;face_mel_gr_jasper;product;0.00;Тротуарная плитка УРИКО -  2.У.6 60мм Меланж Гранит Яшма 2 сорт;825.0;0.0;2U6-MgrY2S;5
220;Плитка меланж гладкая;Тротуарная плитка КВАДРАТ - 2.К.4 40мм Меланж Гладкая Оникс;кв.м;1300.00;0.00;90.280000;0.8000;8;ТУ 23.61.11-001-50829991-2023;PL-220;main_tile_40;face_mel_sm_onyx;product;0.00;Тротуарная плитка КВАДРАТ - 2.К.4 40мм Меланж Гладкая Оникс 2 сорт;650.0;0.0;PL-2202S;5
221;Плитка меланж гладкая;Тротуарная плитка КВАДРАТ - 2.К.4 40мм Меланж Гладкая Осень;кв.м;1300.00;0.00;90.280000;0.8000;8;ТУ 23.61.11-001-50829991-2023;PL-221;main_tile_40;face_mel_sm_autumn;product;0.00;Тротуарная плитка КВАДРАТ - 2.К.4 40мм Меланж Гладкая Осень 2 сорт;650.0;0.0;PL-2212S;5
222;Плитка меланж гладкая;Тротуарная плитка КВАДРАТ - 2.К.4 40мм Меланж Гладкая Рубин;кв.м;1300.00;0.00;90.280000;0.8000;8;ТУ 23.61.11-001-50829991-2023;PL-222;main_tile_40;face_mel_sm_ruby;product;0.00;Тротуарная плитка КВАДРАТ - 2.К.4 40мм Меланж Гладкая Рубин 2 сорт;650.0;0.0;PL-2222S;5
224;Плитка меланж гладкая;Тротуарная плитка КВАДРАТ - 2.К.4 40мм Меланж Гладкая Янтарь;кв.м;1300.00;0.00;90.280000;0.8000;8;ТУ 23.61.11-001-50829991-2023;PL-224;main_tile_40;face_mel_sm_amber;product;0.00;Тротуарная плитка КВАДРАТ - 2.К.4 40мм Меланж Гладкая Янтарь 2 сорт;650.0;0.0;PL-2242S;5
223;Плитка меланж гладкая;Тротуарная плитка КВАДРАТ - 2.К.4 40мм Меланж Гладкая Яшма;кв.м;1300.00;0.00;90.280000;0.8000;8;ТУ 23.61.11-001-50829991-2023;PL-223;main_tile_40;face_mel_sm_jasper;product;0.00;Тротуарная плитка КВАДРАТ - 2.К.4 40мм Меланж Гладкая Яшма 2 сорт;650.0;0.0;PL-2232S;5
244;Плитка меланж гладкая;Тротуарная плитка КВАДРАТ - 2.К.6 60мм Меланж Гладкая Оникс;кв.м;1550.00;0.00;135.160000;0.8000;9;ТУ 23.61.11-001-50829991-2023;PL-244;main_tile_60;face_mel_sm_onyx;product;0.00;Тротуарная плитка КВАДРАТ - 2.К.6 60мм Меланж Гладкая Оникс 2 сорт;775.0;0.0;PL-2442S;5
245;Плитка меланж гладкая;Тротуарная плитка КВАДРАТ - 2.К.6 60мм Меланж Гладкая Осень;кв.м;1550.00;0.00;135.160000;0.8000;9;ТУ 23.61.11-001-50829991-2023;PL-245;main_tile_60;face_mel_sm_autumn;product;0.00;Тротуарная плитка КВАДРАТ - 2.К.6 60мм Меланж Гладкая Осень 2 сорт;775.0;0.0;PL-2452S;5
246;Плитка меланж гладкая;Тротуарная плитка КВАДРАТ - 2.К.6 60мм Меланж Гладкая Рубин;кв.м;1550.00;0.00;135.160000;0.8000;9;ТУ 23.61.11-001-50829991-2023;PL-246;main_tile_60;face_mel_sm_ruby;product;0.00;Тротуарная плитка КВАДРАТ - 2.К.6 60мм Меланж Гладкая Рубин 2 сорт;775.0;0.0;PL-2462S;5
248;Плитка меланж гладкая;Тротуарная плитка КВАДРАТ - 2.К.6 60мм Меланж Гладкая Янтарь;кв.м;1550.00;0.00;135.160000;0.8000;9;ТУ 23.61.11-001-50829991-2023;PL-248;main_tile_60;face_mel_sm_amber;product;0.00;Тротуарная плитка КВАДРАТ - 2.К.6 60мм Меланж Гладкая Янтарь 2 сорт;775.0;0.0;PL-2482S;5
247;Плитка меланж гладкая;Тротуарная плитка КВАДРАТ - 2.К.6 60мм Меланж Гладкая Яшма;кв.м;1550.00;0.00;135.160000;0.8000;9;ТУ 23.61.11-001-50829991-2023;PL-247;main_tile_60;face_mel_sm_jasper;product;0.00;Тротуарная плитка КВАДРАТ - 2.К.6 60мм Меланж Гладкая Яшма 2 сорт;775.0;0.0;PL-2472S;5
268;Плитка меланж гладкая;Тротуарная плитка КЛАССИКО - 2.КО.4 40мм Меланж Гладкая Оникс;кв.м;1310.00;0.00;86.270000;0.7000;15;ТУ 23.61.11-001-50829991-2023;PL-268;main_tile_40;face_mel_sm_onyx;product;0.00;Тротуарная плитка КЛАССИКО - 2.КО.4 40мм Меланж Гладкая Оникс 2 сорт;655.0;0.0;PL-2682S;5
269;Плитка меланж гладкая;Тротуарная плитка КЛАССИКО - 2.КО.4 40мм Меланж Гладкая Осень;кв.м;1310.00;0.00;86.270000;0.7000;15;ТУ 23.61.11-001-50829991-2023;PL-269;main_tile_40;face_mel_sm_autumn;product;0.00;Тротуарная плитка КЛАССИКО - 2.КО.4 40мм Меланж Гладкая Осень 2 сорт;655.0;0.0;PL-2692S;5
270;Плитка меланж гладкая;Тротуарная плитка КЛАССИКО - 2.КО.4 40мм Меланж Гладкая Рубин;кв.м;1310.00;0.00;86.270000;0.7000;15;ТУ 23.61.11-001-50829991-2023;PL-270;main_tile_40;face_mel_sm_ruby;product;0.00;Тротуарная плитка КЛАССИКО - 2.КО.4 40мм Меланж Гладкая Рубин 2 сорт;655.0;0.0;PL-2702S;5
272;Плитка меланж гладкая;Тротуарная плитка КЛАССИКО - 2.КО.4 40мм Меланж Гладкая Янтарь;кв.м;1310.00;0.00;86.270000;0.7000;15;ТУ 23.61.11-001-50829991-2023;PL-272;main_tile_40;face_mel_sm_amber;product;0.00;Тротуарная плитка КЛАССИКО - 2.КО.4 40мм Меланж Гладкая Янтарь 2 сорт;655.0;0.0;PL-2722S;5
271;Плитка меланж гладкая;Тротуарная плитка КЛАССИКО - 2.КО.4 40мм Меланж Гладкая Яшма;кв.м;1310.00;0.00;86.270000;0.7000;15;ТУ 23.61.11-001-50829991-2023;PL-271;main_tile_40;face_mel_sm_jasper;product;0.00;Тротуарная плитка КЛАССИКО - 2.КО.4 40мм Меланж Гладкая Яшма 2 сорт;655.0;0.0;PL-2712S;5
292;Плитка меланж гладкая;Тротуарная плитка КЛАССИКО - 2.КО.6 60мм Меланж Гладкая Оникс;кв.м;1560.00;0.00;129.460000;0.7000;16;ТУ 23.61.11-001-50829991-2023;PL-292;main_tile_60;face_mel_sm_onyx;product;0.00;Тротуарная плитка КЛАССИКО - 2.КО.6 60мм Меланж Гладкая Оникс 2 сорт;780.0;0.0;PL-2922S;5
293;Плитка меланж гладкая;Тротуарная плитка КЛАССИКО - 2.КО.6 60мм Меланж Гладкая Осень;кв.м;1560.00;0.00;129.460000;0.7000;16;ТУ 23.61.11-001-50829991-2023;PL-293;main_tile_60;face_mel_sm_autumn;product;0.00;Тротуарная плитка КЛАССИКО - 2.КО.6 60мм Меланж Гладкая Осень 2 сорт;780.0;0.0;PL-2932S;5
294;Плитка меланж гладкая;Тротуарная плитка КЛАССИКО - 2.КО.6 60мм Меланж Гладкая Рубин;кв.м;1560.00;0.00;129.460000;0.7000;16;ТУ 23.61.11-001-50829991-2023;PL-294;main_tile_60;face_mel_sm_ruby;product;0.00;Тротуарная плитка КЛАССИКО - 2.КО.6 60мм Меланж Гладкая Рубин 2 сорт;780.0;0.0;PL-2942S;5
296;Плитка меланж гладкая;Тротуарная плитка КЛАССИКО - 2.КО.6 60мм Меланж Гладкая Янтарь;кв.м;1560.00;0.00;129.460000;0.7000;16;ТУ 23.61.11-001-50829991-2023;PL-296;main_tile_60;face_mel_sm_amber;product;0.00;Тротуарная плитка КЛАССИКО - 2.КО.6 60мм Меланж Гладкая Янтарь 2 сорт;780.0;0.0;PL-2962S;5
295;Плитка меланж гладкая;Тротуарная плитка КЛАССИКО - 2.КО.6 60мм Меланж Гладкая Яшма;кв.м;1560.00;0.00;129.460000;0.7000;16;ТУ 23.61.11-001-50829991-2023;PL-295;main_tile_60;face_mel_sm_jasper;product;0.00;Тротуарная плитка КЛАССИКО - 2.КО.6 60мм Меланж Гладкая Яшма 2 сорт;780.0;0.0;PL-2952S;5
388;Плитка меланж гладкая;Тротуарная плитка ПАРКЕТ - 1.ПР.8 80мм Меланж Гладкая Оникс;кв.м;2250.00;0.00;183.600000;0.6800;17;ТУ 23.61.11-001-50829991-2023;PL-388;main_tile_80;face_mel_sm_onyx;product;0.00;Тротуарная плитка ПАРКЕТ - 1.ПР.8 80мм Меланж Гладкая Оникс 2 сорт;1125.0;0.0;PL-3882S;5
389;Плитка меланж гладкая;Тротуарная плитка ПАРКЕТ - 1.ПР.8 80мм Меланж Гладкая Осень;кв.м;2250.00;0.00;183.600000;0.6800;17;ТУ 23.61.11-001-50829991-2023;PL-389;main_tile_80;face_mel_sm_autumn;product;0.00;Тротуарная плитка ПАРКЕТ - 1.ПР.8 80мм Меланж Гладкая Осень 2 сорт;1125.0;0.0;PL-3892S;5
390;Плитка меланж гладкая;Тротуарная плитка ПАРКЕТ - 1.ПР.8 80мм Меланж Гладкая Рубин;кв.м;2250.00;0.00;183.600000;0.6800;17;ТУ 23.61.11-001-50829991-2023;PL-390;main_tile_80;face_mel_sm_ruby;product;0.00;Тротуарная плитка ПАРКЕТ - 1.ПР.8 80мм Меланж Гладкая Рубин 2 сорт;1125.0;0.0;PL-3902S;5
392;Плитка меланж гладкая;Тротуарная плитка ПАРКЕТ - 1.ПР.8 80мм Меланж Гладкая Янтарь;кв.м;2250.00;0.00;183.600000;0.6800;17;ТУ 23.61.11-001-50829991-2023;PL-392;main_tile_80;face_mel_sm_amber;product;0.00;Тротуарная плитка ПАРКЕТ - 1.ПР.8 80мм Меланж Гладкая Янтарь 2 сорт;1125.0;0.0;PL-3922S;5
391;Плитка меланж гладкая;Тротуарная плитка ПАРКЕТ - 1.ПР.8 80мм Меланж Гладкая Яшма;кв.м;2250.00;0.00;183.600000;0.6800;17;ТУ 23.61.11-001-50829991-2023;PL-391;main_tile_80;face_mel_sm_jasper;product;0.00;Тротуарная плитка ПАРКЕТ - 1.ПР.8 80мм Меланж Гладкая Яшма 2 сорт;1125.0;0.0;PL-3912S;5
412;Плитка меланж гладкая;Тротуарная плитка ПЛИТА - 3.П.8 80мм Меланж Гладкая Оникс;кв.м;2250.00;0.00;216.050000;0.5400;18;ТУ 23.61.11-001-50829991-2023;PL-412;main_tile_80;face_mel_sm_onyx;product;0.00;Тротуарная плитка ПЛИТА - 3.П.8 80мм Меланж Гладкая Оникс 2 сорт;1125.0;0.0;PL-4122S;5
413;Плитка меланж гладкая;Тротуарная плитка ПЛИТА - 3.П.8 80мм Меланж Гладкая Осень;кв.м;2250.00;0.00;216.050000;0.5400;18;ТУ 23.61.11-001-50829991-2023;PL-413;main_tile_80;face_mel_sm_autumn;product;0.00;Тротуарная плитка ПЛИТА - 3.П.8 80мм Меланж Гладкая Осень 2 сорт;1125.0;0.0;PL-4132S;5
414;Плитка меланж гладкая;Тротуарная плитка ПЛИТА - 3.П.8 80мм Меланж Гладкая Рубин;кв.м;2250.00;0.00;216.050000;0.5400;18;ТУ 23.61.11-001-50829991-2023;PL-414;main_tile_80;face_mel_sm_ruby;product;0.00;Тротуарная плитка ПЛИТА - 3.П.8 80мм Меланж Гладкая Рубин 2 сорт;1125.0;0.0;PL-4142S;5
416;Плитка меланж гладкая;Тротуарная плитка ПЛИТА - 3.П.8 80мм Меланж Гладкая Янтарь;кв.м;2250.00;0.00;216.050000;0.5400;18;ТУ 23.61.11-001-50829991-2023;PL-416;main_tile_80;face_mel_sm_amber;product;0.00;Тротуарная плитка ПЛИТА - 3.П.8 80мм Меланж Гладкая Янтарь 2 сорт;1125.0;0.0;PL-4162S;5
415;Плитка меланж гладкая;Тротуарная плитка ПЛИТА - 3.П.8 80мм Меланж Гладкая Яшма;кв.м;2250.00;0.00;216.050000;0.5400;18;ТУ 23.61.11-001-50829991-2023;PL-415;main_tile_80;face_mel_sm_jasper;product;0.00;Тротуарная плитка ПЛИТА - 3.П.8 80мм Меланж Гладкая Яшма 2 сорт;1125.0;0.0;PL-4152S;5
173;Плитка меланж гладкая;Тротуарная плитка ПРЯМОУГОЛЬНИК - 2.П.4 40мм Меланж Гладкая Осень;кв.м;1300.00;0.00;90.280000;0.8000;10;ТУ 23.61.11-001-50829991-2023;PL-173;main_tile_40;face_mel_sm_autumn;product;0.00;Тротуарная плитка ПРЯМОУГОЛЬНИК - 2.П.4 40мм Меланж Гладкая Осень 2 сорт;650.0;0.0;PL-1732S;5
174;Плитка меланж гладкая;Тротуарная плитка ПРЯМОУГОЛЬНИК - 2.П.4 40мм Меланж Гладкая Рубин;кв.м;1300.00;0.00;90.280000;0.8000;10;ТУ 23.61.11-001-50829991-2023;PL-174;main_tile_40;face_mel_sm_ruby;product;0.00;Тротуарная плитка ПРЯМОУГОЛЬНИК - 2.П.4 40мм Меланж Гладкая Рубин 2 сорт;650.0;0.0;PL-1742S;5
176;Плитка меланж гладкая;Тротуарная плитка ПРЯМОУГОЛЬНИК - 2.П.4 40мм Меланж Гладкая Янтарь;кв.м;1300.00;0.00;90.280000;0.8000;10;ТУ 23.61.11-001-50829991-2023;PL-176;main_tile_40;face_mel_sm_amber;product;0.00;Тротуарная плитка ПРЯМОУГОЛЬНИК - 2.П.4 40мм Меланж Гладкая Янтарь 2 сорт;650.0;0.0;PL-1762S;5
175;Плитка меланж гладкая;Тротуарная плитка ПРЯМОУГОЛЬНИК - 2.П.4 40мм Меланж Гладкая Яшма;кв.м;1300.00;0.00;90.280000;0.8000;10;ТУ 23.61.11-001-50829991-2023;PL-175;main_tile_40;face_mel_sm_jasper;product;0.00;Тротуарная плитка ПРЯМОУГОЛЬНИК - 2.П.4 40мм Меланж Гладкая Яшма 2 сорт;650.0;0.0;PL-1752S;5
198;Плитка меланж гладкая;Тротуарная плитка ПРЯМОУГОЛЬНИК - 2.П.6 60мм Меланж Гладкая Рубин;кв.м;1550.00;0.00;135.160000;0.8000;11;ТУ 23.61.11-001-50829991-2023;PL-198;main_tile_60;face_mel_sm_ruby;product;0.00;Тротуарная плитка ПРЯМОУГОЛЬНИК - 2.П.6 60мм Меланж Гладкая Рубин 2 сорт;775.0;0.0;PL-1982S;5
200;Плитка меланж гладкая;Тротуарная плитка ПРЯМОУГОЛЬНИК - 2.П.6 60мм Меланж Гладкая Янтарь;кв.м;1550.00;0.00;135.160000;0.8000;11;ТУ 23.61.11-001-50829991-2023;PL-200;main_tile_60;face_mel_sm_amber;product;0.00;Тротуарная плитка ПРЯМОУГОЛЬНИК - 2.П.6 60мм Меланж Гладкая Янтарь 2 сорт;775.0;0.0;PL-2002S;5
316;Плитка меланж гладкая;Тротуарная плитка СИТИ-МИКС - 1.СМ.4 40мм Меланж Гладкая Оникс;кв.м;1320.00;0.00;88.890000;0.7500;12;ТУ 23.61.11-001-50829991-2023;PL-316;main_tile_40;face_mel_sm_onyx;product;0.00;Тротуарная плитка СИТИ-МИКС - 1.СМ.4 40мм Меланж Гладкая Оникс 2 сорт;660.0;0.0;PL-3162S;5
317;Плитка меланж гладкая;Тротуарная плитка СИТИ-МИКС - 1.СМ.4 40мм Меланж Гладкая Осень;кв.м;1320.00;0.00;88.890000;0.7500;12;ТУ 23.61.11-001-50829991-2023;PL-317;main_tile_40;face_mel_sm_autumn;product;0.00;Тротуарная плитка СИТИ-МИКС - 1.СМ.4 40мм Меланж Гладкая Осень 2 сорт;660.0;0.0;PL-3172S;5
318;Плитка меланж гладкая;Тротуарная плитка СИТИ-МИКС - 1.СМ.4 40мм Меланж Гладкая Рубин;кв.м;1320.00;0.00;88.890000;0.7500;12;ТУ 23.61.11-001-50829991-2023;PL-318;main_tile_40;face_mel_sm_ruby;product;0.00;Тротуарная плитка СИТИ-МИКС - 1.СМ.4 40мм Меланж Гладкая Рубин 2 сорт;660.0;0.0;PL-3182S;5
320;Плитка меланж гладкая;Тротуарная плитка СИТИ-МИКС - 1.СМ.4 40мм Меланж Гладкая Янтарь;кв.м;1320.00;0.00;88.890000;0.7500;12;ТУ 23.61.11-001-50829991-2023;PL-320;main_tile_40;face_mel_sm_amber;product;0.00;Тротуарная плитка СИТИ-МИКС - 1.СМ.4 40мм Меланж Гладкая Янтарь 2 сорт;660.0;0.0;PL-3202S;5
319;Плитка меланж гладкая;Тротуарная плитка СИТИ-МИКС - 1.СМ.4 40мм Меланж Гладкая Яшма;кв.м;1320.00;0.00;88.890000;0.7500;12;ТУ 23.61.11-001-50829991-2023;PL-319;main_tile_40;face_mel_sm_jasper;product;0.00;Тротуарная плитка СИТИ-МИКС - 1.СМ.4 40мм Меланж Гладкая Яшма 2 сорт;660.0;0.0;PL-3192S;5
340;Плитка меланж гладкая;Тротуарная плитка СИТИ-МИКС - 1.СМ.6 60мм Меланж Гладкая Оникс;кв.м;1570.00;0.00;104.170000;0.7500;13;ТУ 23.61.11-001-50829991-2023;PL-340;main_tile_60;face_mel_sm_onyx;product;0.00;Тротуарная плитка СИТИ-МИКС - 1.СМ.6 60мм Меланж Гладкая Оникс 2 сорт;785.0;0.0;PL-3402S;5
341;Плитка меланж гладкая;Тротуарная плитка СИТИ-МИКС - 1.СМ.6 60мм Меланж Гладкая Осень;кв.м;1570.00;0.00;104.170000;0.7500;13;ТУ 23.61.11-001-50829991-2023;PL-341;main_tile_60;face_mel_sm_autumn;product;0.00;Тротуарная плитка СИТИ-МИКС - 1.СМ.6 60мм Меланж Гладкая Осень 2 сорт;785.0;0.0;PL-3412S;5
342;Плитка меланж гладкая;Тротуарная плитка СИТИ-МИКС - 1.СМ.6 60мм Меланж Гладкая Рубин;кв.м;1570.00;0.00;104.170000;0.7500;13;ТУ 23.61.11-001-50829991-2023;PL-342;main_tile_60;face_mel_sm_ruby;product;0.00;Тротуарная плитка СИТИ-МИКС - 1.СМ.6 60мм Меланж Гладкая Рубин 2 сорт;785.0;0.0;PL-3422S;5
344;Плитка меланж гладкая;Тротуарная плитка СИТИ-МИКС - 1.СМ.6 60мм Меланж Гладкая Янтарь;кв.м;1570.00;0.00;104.170000;0.7500;13;ТУ 23.61.11-001-50829991-2023;PL-344;main_tile_60;face_mel_sm_amber;product;0.00;Тротуарная плитка СИТИ-МИКС - 1.СМ.6 60мм Меланж Гладкая Янтарь 2 сорт;785.0;0.0;PL-3442S;5
343;Плитка меланж гладкая;Тротуарная плитка СИТИ-МИКС - 1.СМ.6 60мм Меланж Гладкая Яшма;кв.м;1570.00;0.00;104.170000;0.7500;13;ТУ 23.61.11-001-50829991-2023;PL-343;main_tile_60;face_mel_sm_jasper;product;0.00;Тротуарная плитка СИТИ-МИКС - 1.СМ.6 60мм Меланж Гладкая Яшма 2 сорт;785.0;0.0;PL-3432S;5
364;Плитка меланж гладкая;Тротуарная плитка СИТИ-МИКС - 1.СМ.8 80мм Меланж Гладкая Оникс;кв.м;2250.00;0.00;151.110000;0.7500;14;ТУ 23.61.11-001-50829991-2023;PL-364;main_tile_80;face_mel_sm_onyx;product;0.00;Тротуарная плитка СИТИ-МИКС - 1.СМ.8 80мм Меланж Гладкая Оникс 2 сорт;1125.0;0.0;PL-3642S;5
366;Плитка меланж гладкая;Тротуарная плитка СИТИ-МИКС - 1.СМ.8 80мм Меланж Гладкая Рубин;кв.м;2250.00;0.00;151.110000;0.7500;14;ТУ 23.61.11-001-50829991-2023;PL-366;main_tile_80;face_mel_sm_ruby;product;0.00;Тротуарная плитка СИТИ-МИКС - 1.СМ.8 80мм Меланж Гладкая Рубин 2 сорт;1125.0;0.0;PL-3662S;5
368;Плитка меланж гладкая;Тротуарная плитка СИТИ-МИКС - 1.СМ.8 80мм Меланж Гладкая Янтарь;кв.м;2250.00;0.00;151.110000;0.7500;14;ТУ 23.61.11-001-50829991-2023;PL-368;main_tile_80;face_mel_sm_amber;product;0.00;Тротуарная плитка СИТИ-МИКС - 1.СМ.8 80мм Меланж Гладкая Янтарь 2 сорт;1125.0;0.0;PL-3682S;5
367;Плитка меланж гладкая;Тротуарная плитка СИТИ-МИКС - 1.СМ.8 80мм Меланж Гладкая Яшма;кв.м;2250.00;0.00;151.110000;0.7500;14;ТУ 23.61.11-001-50829991-2023;PL-367;main_tile_80;face_mel_sm_jasper;product;0.00;Тротуарная плитка СИТИ-МИКС - 1.СМ.8 80мм Меланж Гладкая Яшма 2 сорт;1125.0;0.0;PL-3672S;5
232;Плитка меланж гранит;Тротуарная плитка КВАДРАТ - 2.К.4 40мм Меланж Гранит Оникс;кв.м;1500.00;0.00;90.280000;0.8000;8;ТУ 23.61.11-001-50829991-2023;PL-232;main_tile_40;face_mel_gr_onyx;product;0.00;Тротуарная плитка КВАДРАТ - 2.К.4 40мм Меланж Гранит Оникс 2 сорт;750.0;0.0;PL-2322S;5
233;Плитка меланж гранит;Тротуарная плитка КВАДРАТ - 2.К.4 40мм Меланж Гранит Осень;кв.м;1500.00;0.00;90.280000;0.8000;8;ТУ 23.61.11-001-50829991-2023;PL-233;main_tile_40;face_mel_gr_autumn;product;0.00;Тротуарная плитка КВАДРАТ - 2.К.4 40мм Меланж Гранит Осень 2 сорт;750.0;0.0;PL-2332S;5
234;Плитка меланж гранит;Тротуарная плитка КВАДРАТ - 2.К.4 40мм Меланж Гранит Рубин;кв.м;1500.00;0.00;90.280000;0.8000;8;ТУ 23.61.11-001-50829991-2023;PL-234;main_tile_40;face_mel_gr_ruby;product;0.00;Тротуарная плитка КВАДРАТ - 2.К.4 40мм Меланж Гранит Рубин 2 сорт;750.0;0.0;PL-2342S;5
236;Плитка меланж гранит;Тротуарная плитка КВАДРАТ - 2.К.4 40мм Меланж Гранит Янтарь;кв.м;1500.00;0.00;90.280000;0.8000;8;ТУ 23.61.11-001-50829991-2023;PL-236;main_tile_40;face_mel_gr_amber;product;0.00;Тротуарная плитка КВАДРАТ - 2.К.4 40мм Меланж Гранит Янтарь 2 сорт;750.0;0.0;PL-2362S;5
235;Плитка меланж гранит;Тротуарная плитка КВАДРАТ - 2.К.4 40мм Меланж Гранит Яшма;кв.м;1500.00;0.00;90.280000;0.8000;8;ТУ 23.61.11-001-50829991-2023;PL-235;main_tile_40;face_mel_gr_jasper;product;0.00;Тротуарная плитка КВАДРАТ - 2.К.4 40мм Меланж Гранит Яшма 2 сорт;750.0;0.0;PL-2352S;5
256;Плитка меланж гранит;Тротуарная плитка КВАДРАТ - 2.К.6 60мм Меланж Гранит Оникс;кв.м;1650.00;0.00;135.160000;0.8000;9;ТУ 23.61.11-001-50829991-2023;PL-256;main_tile_60;face_mel_gr_onyx;product;0.00;Тротуарная плитка КВАДРАТ - 2.К.6 60мм Меланж Гранит Оникс 2 сорт;825.0;0.0;PL-2562S;5
258;Плитка меланж гранит;Тротуарная плитка КВАДРАТ - 2.К.6 60мм Меланж Гранит Рубин;кв.м;1650.00;0.00;135.160000;0.8000;9;ТУ 23.61.11-001-50829991-2023;PL-258;main_tile_60;face_mel_gr_ruby;product;0.00;Тротуарная плитка КВАДРАТ - 2.К.6 60мм Меланж Гранит Рубин 2 сорт;825.0;0.0;PL-2582S;5
260;Плитка меланж гранит;Тротуарная плитка КВАДРАТ - 2.К.6 60мм Меланж Гранит Янтарь;кв.м;1650.00;0.00;135.160000;0.8000;9;ТУ 23.61.11-001-50829991-2023;PL-260;main_tile_60;face_mel_gr_amber;product;0.00;Тротуарная плитка КВАДРАТ - 2.К.6 60мм Меланж Гранит Янтарь 2 сорт;825.0;0.0;PL-2602S;5
259;Плитка меланж гранит;Тротуарная плитка КВАДРАТ - 2.К.6 60мм Меланж Гранит Яшма;кв.м;1650.00;0.00;135.160000;0.8000;9;ТУ 23.61.11-001-50829991-2023;PL-259;main_tile_60;face_mel_gr_jasper;product;0.00;Тротуарная плитка КВАДРАТ - 2.К.6 60мм Меланж Гранит Яшма 2 сорт;825.0;0.0;PL-2592S;5
280;Плитка меланж гранит;Тротуарная плитка КЛАССИКО - 2.КО.4 40мм Меланж Гранит Оникс;кв.м;1500.00;0.00;86.270000;0.7000;15;ТУ 23.61.11-001-50829991-2023;PL-280;main_tile_40;face_mel_gr_onyx;product;0.00;Тротуарная плитка КЛАССИКО - 2.КО.4 40мм Меланж Гранит Оникс 2 сорт;750.0;0.0;PL-2802S;5
281;Плитка меланж гранит;Тротуарная плитка КЛАССИКО - 2.КО.4 40мм Меланж Гранит Осень;кв.м;1500.00;0.00;86.270000;0.7000;15;ТУ 23.61.11-001-50829991-2023;PL-281;main_tile_40;face_mel_gr_autumn;product;0.00;Тротуарная плитка КЛАССИКО - 2.КО.4 40мм Меланж Гранит Осень 2 сорт;750.0;0.0;PL-2812S;5
282;Плитка меланж гранит;Тротуарная плитка КЛАССИКО - 2.КО.4 40мм Меланж Гранит Рубин;кв.м;1500.00;0.00;86.270000;0.7000;15;ТУ 23.61.11-001-50829991-2023;PL-282;main_tile_40;face_mel_gr_ruby;product;0.00;Тротуарная плитка КЛАССИКО - 2.КО.4 40мм Меланж Гранит Рубин 2 сорт;750.0;0.0;PL-2822S;5
284;Плитка меланж гранит;Тротуарная плитка КЛАССИКО - 2.КО.4 40мм Меланж Гранит Янтарь;кв.м;1500.00;0.00;86.270000;0.7000;15;ТУ 23.61.11-001-50829991-2023;PL-284;main_tile_40;face_mel_gr_amber;product;0.00;Тротуарная плитка КЛАССИКО - 2.КО.4 40мм Меланж Гранит Янтарь 2 сорт;750.0;0.0;PL-2842S;5
305;Плитка меланж гранит;Тротуарная плитка КЛАССИКО - 2.КО.6 60мм Меланж Гранит Осень;кв.м;1650.00;0.00;129.460000;0.7000;16;ТУ 23.61.11-001-50829991-2023;PL-305;main_tile_60;face_mel_gr_autumn;product;0.00;Тротуарная плитка КЛАССИКО - 2.КО.6 60мм Меланж Гранит Осень 2 сорт;825.0;0.0;PL-3052S;5
306;Плитка меланж гранит;Тротуарная плитка КЛАССИКО - 2.КО.6 60мм Меланж Гранит Рубин;кв.м;1650.00;0.00;129.460000;0.7000;16;ТУ 23.61.11-001-50829991-2023;PL-306;main_tile_60;face_mel_gr_ruby;product;0.00;Тротуарная плитка КЛАССИКО - 2.КО.6 60мм Меланж Гранит Рубин 2 сорт;825.0;0.0;PL-3062S;5
308;Плитка меланж гранит;Тротуарная плитка КЛАССИКО - 2.КО.6 60мм Меланж Гранит Янтарь;кв.м;1650.00;0.00;129.460000;0.7000;16;ТУ 23.61.11-001-50829991-2023;PL-308;main_tile_60;face_mel_gr_amber;product;0.00;Тротуарная плитка КЛАССИКО - 2.КО.6 60мм Меланж Гранит Янтарь 2 сорт;825.0;0.0;PL-3082S;5
401;Плитка меланж гранит;Тротуарная плитка ПАРКЕТ - 1.ПР.8 80мм Меланж Гранит Осень;кв.м;2650.00;0.00;183.600000;0.6800;17;ТУ 23.61.11-001-50829991-2023;PL-401;main_tile_80;face_mel_gr_autumn;product;0.00;Тротуарная плитка ПАРКЕТ - 1.ПР.8 80мм Меланж Гранит Осень 2 сорт;1325.0;0.0;PL-4012S;5
404;Плитка меланж гранит;Тротуарная плитка ПАРКЕТ - 1.ПР.8 80мм Меланж Гранит Янтарь;кв.м;2650.00;0.00;183.600000;0.6800;17;ТУ 23.61.11-001-50829991-2023;PL-404;main_tile_80;face_mel_gr_amber;product;0.00;Тротуарная плитка ПАРКЕТ - 1.ПР.8 80мм Меланж Гранит Янтарь 2 сорт;1325.0;0.0;PL-4042S;5
403;Плитка меланж гранит;Тротуарная плитка ПАРКЕТ - 1.ПР.8 80мм Меланж Гранит Яшма;кв.м;2650.00;0.00;183.600000;0.6800;17;ТУ 23.61.11-001-50829991-2023;PL-403;main_tile_80;face_mel_gr_jasper;product;0.00;Тротуарная плитка ПАРКЕТ - 1.ПР.8 80мм Меланж Гранит Яшма 2 сорт;1325.0;0.0;PL-4032S;5
424;Плитка меланж гранит;Тротуарная плитка ПЛИТА - 3.П.8 80мм Меланж Гранит Оникс;кв.м;2650.00;0.00;216.050000;0.5400;18;ТУ 23.61.11-001-50829991-2023;PL-424;main_tile_80;face_mel_gr_onyx;product;0.00;Тротуарная плитка ПЛИТА - 3.П.8 80мм Меланж Гранит Оникс 2 сорт;1325.0;0.0;PL-4242S;5
425;Плитка меланж гранит;Тротуарная плитка ПЛИТА - 3.П.8 80мм Меланж Гранит Осень;кв.м;2650.00;0.00;216.050000;0.5400;18;ТУ 23.61.11-001-50829991-2023;PL-425;main_tile_80;face_mel_gr_autumn;product;0.00;Тротуарная плитка ПЛИТА - 3.П.8 80мм Меланж Гранит Осень 2 сорт;1325.0;0.0;PL-4252S;5
426;Плитка меланж гранит;Тротуарная плитка ПЛИТА - 3.П.8 80мм Меланж Гранит Рубин;кв.м;2650.00;0.00;216.050000;0.5400;18;ТУ 23.61.11-001-50829991-2023;PL-426;main_tile_80;face_mel_gr_ruby;product;0.00;Тротуарная плитка ПЛИТА - 3.П.8 80мм Меланж Гранит Рубин 2 сорт;1325.0;0.0;PL-4262S;5
428;Плитка меланж гранит;Тротуарная плитка ПЛИТА - 3.П.8 80мм Меланж Гранит Янтарь;кв.м;2650.00;0.00;216.050000;0.5400;18;ТУ 23.61.11-001-50829991-2023;PL-428;main_tile_80;face_mel_gr_amber;product;0.00;Тротуарная плитка ПЛИТА - 3.П.8 80мм Меланж Гранит Янтарь 2 сорт;1325.0;0.0;PL-4282S;5
427;Плитка меланж гранит;Тротуарная плитка ПЛИТА - 3.П.8 80мм Меланж Гранит Яшма;кв.м;2650.00;0.00;216.050000;0.5400;18;ТУ 23.61.11-001-50829991-2023;PL-427;main_tile_80;face_mel_gr_jasper;product;0.00;Тротуарная плитка ПЛИТА - 3.П.8 80мм Меланж Гранит Яшма 2 сорт;1325.0;0.0;PL-4272S;5
184;Плитка меланж гранит;Тротуарная плитка ПРЯМОУГОЛЬНИК - 2.П.4 40мм Меланж Гранит Оникс;кв.м;1500.00;0.00;90.280000;0.8000;10;ТУ 23.61.11-001-50829991-2023;PL-184;main_tile_40;face_mel_gr_onyx;product;0.00;Тротуарная плитка ПРЯМОУГОЛЬНИК - 2.П.4 40мм Меланж Гранит Оникс 2 сорт;750.0;0.0;PL-1842S;5
186;Плитка меланж гранит;Тротуарная плитка ПРЯМОУГОЛЬНИК - 2.П.4 40мм Меланж Гранит Рубин;кв.м;1500.00;0.00;90.280000;0.8000;10;ТУ 23.61.11-001-50829991-2023;PL-186;main_tile_40;face_mel_gr_ruby;product;0.00;Тротуарная плитка ПРЯМОУГОЛЬНИК - 2.П.4 40мм Меланж Гранит Рубин 2 сорт;750.0;0.0;PL-1862S;5
188;Плитка меланж гранит;Тротуарная плитка ПРЯМОУГОЛЬНИК - 2.П.4 40мм Меланж Гранит Янтарь;кв.м;1500.00;0.00;90.280000;0.8000;10;ТУ 23.61.11-001-50829991-2023;PL-188;main_tile_40;face_mel_gr_amber;product;0.00;Тротуарная плитка ПРЯМОУГОЛЬНИК - 2.П.4 40мм Меланж Гранит Янтарь 2 сорт;750.0;0.0;PL-1882S;5
187;Плитка меланж гранит;Тротуарная плитка ПРЯМОУГОЛЬНИК - 2.П.4 40мм Меланж Гранит Яшма;кв.м;1500.00;0.00;90.280000;0.8000;10;ТУ 23.61.11-001-50829991-2023;PL-187;main_tile_40;face_mel_gr_jasper;product;0.00;Тротуарная плитка ПРЯМОУГОЛЬНИК - 2.П.4 40мм Меланж Гранит Яшма 2 сорт;750.0;0.0;PL-1872S;5
208;Плитка меланж гранит;Тротуарная плитка ПРЯМОУГОЛЬНИК - 2.П.6 60мм Меланж Гранит Оникс;кв.м;1155.00;0.00;135.160000;0.8000;11;ТУ 23.61.11-001-50829991-2023;PL-208;main_tile_60;face_mel_gr_onyx;product;0.00;Тротуарная плитка ПРЯМОУГОЛЬНИК - 2.П.6 60мм Меланж Гранит Оникс 2 сорт;577.5;0.0;PL-2082S;5
210;Плитка меланж гранит;Тротуарная плитка ПРЯМОУГОЛЬНИК - 2.П.6 60мм Меланж Гранит Рубин;кв.м;1650.00;0.00;135.160000;0.8000;11;ТУ 23.61.11-001-50829991-2023;PL-210;main_tile_60;face_mel_gr_ruby;product;0.00;Тротуарная плитка ПРЯМОУГОЛЬНИК - 2.П.6 60мм Меланж Гранит Рубин 2 сорт;825.0;0.0;PL-2102S;5
212;Плитка меланж гранит;Тротуарная плитка ПРЯМОУГОЛЬНИК - 2.П.6 60мм Меланж Гранит Янтарь;кв.м;1650.00;0.00;135.160000;0.8000;11;ТУ 23.61.11-001-50829991-2023;PL-212;main_tile_60;face_mel_gr_amber;product;0.00;Тротуарная плитка ПРЯМОУГОЛЬНИК - 2.П.6 60мм Меланж Гранит Янтарь 2 сорт;825.0;0.0;PL-2122S;5
211;Плитка меланж гранит;Тротуарная плитка ПРЯМОУГОЛЬНИК - 2.П.6 60мм Меланж Гранит Яшма;кв.м;1155.00;0.00;135.160000;0.8000;11;ТУ 23.61.11-001-50829991-2023;PL-211;main_tile_60;face_mel_gr_jasper;product;0.00;Тротуарная плитка ПРЯМОУГОЛЬНИК - 2.П.6 60мм Меланж Гранит Яшма 2 сорт;577.5;0.0;PL-2112S;5
328;Плитка меланж гранит;Тротуарная плитка СИТИ-МИКС - 1.СМ.4 40мм Меланж Гранит Оникс;кв.м;1500.00;0.00;88.890000;0.7500;12;ТУ 23.61.11-001-50829991-2023;PL-328;main_tile_40;face_mel_gr_onyx;product;0.00;Тротуарная плитка СИТИ-МИКС - 1.СМ.4 40мм Меланж Гранит Оникс 2 сорт;750.0;0.0;PL-3282S;5
329;Плитка меланж гранит;Тротуарная плитка СИТИ-МИКС - 1.СМ.4 40мм Меланж Гранит Осень;кв.м;1500.00;0.00;88.890000;0.7500;12;ТУ 23.61.11-001-50829991-2023;PL-329;main_tile_40;face_mel_gr_autumn;product;0.00;Тротуарная плитка СИТИ-МИКС - 1.СМ.4 40мм Меланж Гранит Осень 2 сорт;750.0;0.0;PL-3292S;5
330;Плитка меланж гранит;Тротуарная плитка СИТИ-МИКС - 1.СМ.4 40мм Меланж Гранит Рубин;кв.м;1500.00;0.00;88.890000;0.7500;12;ТУ 23.61.11-001-50829991-2023;PL-330;main_tile_40;face_mel_gr_ruby;product;0.00;Тротуарная плитка СИТИ-МИКС - 1.СМ.4 40мм Меланж Гранит Рубин 2 сорт;750.0;0.0;PL-3302S;5
332;Плитка меланж гранит;Тротуарная плитка СИТИ-МИКС - 1.СМ.4 40мм Меланж Гранит Янтарь;кв.м;1500.00;0.00;88.890000;0.7500;12;ТУ 23.61.11-001-50829991-2023;PL-332;main_tile_40;face_mel_gr_amber;product;0.00;Тротуарная плитка СИТИ-МИКС - 1.СМ.4 40мм Меланж Гранит Янтарь 2 сорт;750.0;0.0;PL-3322S;5
331;Плитка меланж гранит;Тротуарная плитка СИТИ-МИКС - 1.СМ.4 40мм Меланж Гранит Яшма;кв.м;1500.00;0.00;88.890000;0.7500;12;ТУ 23.61.11-001-50829991-2023;PL-331;main_tile_40;face_mel_gr_jasper;product;0.00;Тротуарная плитка СИТИ-МИКС - 1.СМ.4 40мм Меланж Гранит Яшма 2 сорт;750.0;0.0;PL-3312S;5
352;Плитка меланж гранит;Тротуарная плитка СИТИ-МИКС - 1.СМ.6 60мм Меланж Гранит Оникс;кв.м;1650.00;0.00;104.170000;0.7500;13;ТУ 23.61.11-001-50829991-2023;PL-352;main_tile_60;face_mel_gr_onyx;product;0.00;Тротуарная плитка СИТИ-МИКС - 1.СМ.6 60мм Меланж Гранит Оникс 2 сорт;825.0;0.0;PL-3522S;5
353;Плитка меланж гранит;Тротуарная плитка СИТИ-МИКС - 1.СМ.6 60мм Меланж Гранит Осень;кв.м;1650.00;0.00;104.170000;0.7500;13;ТУ 23.61.11-001-50829991-2023;PL-353;main_tile_60;face_mel_gr_autumn;product;0.00;Тротуарная плитка СИТИ-МИКС - 1.СМ.6 60мм Меланж Гранит Осень 2 сорт;825.0;0.0;PL-3532S;5
354;Плитка меланж гранит;Тротуарная плитка СИТИ-МИКС - 1.СМ.6 60мм Меланж Гранит Рубин;кв.м;1650.00;0.00;104.170000;0.7500;13;ТУ 23.61.11-001-50829991-2023;PL-354;main_tile_60;face_mel_gr_ruby;product;0.00;Тротуарная плитка СИТИ-МИКС - 1.СМ.6 60мм Меланж Гранит Рубин 2 сорт;825.0;0.0;PL-3542S;5
356;Плитка меланж гранит;Тротуарная плитка СИТИ-МИКС - 1.СМ.6 60мм Меланж Гранит Янтарь;кв.м;1650.00;0.00;104.170000;0.7500;13;ТУ 23.61.11-001-50829991-2023;PL-356;main_tile_60;face_mel_gr_amber;product;0.00;Тротуарная плитка СИТИ-МИКС - 1.СМ.6 60мм Меланж Гранит Янтарь 2 сорт;825.0;0.0;PL-3562S;5
355;Плитка меланж гранит;Тротуарная плитка СИТИ-МИКС - 1.СМ.6 60мм Меланж Гранит Яшма;кв.м;1650.00;0.00;104.170000;0.7500;13;ТУ 23.61.11-001-50829991-2023;PL-355;main_tile_60;face_mel_gr_jasper;product;0.00;Тротуарная плитка СИТИ-МИКС - 1.СМ.6 60мм Меланж Гранит Яшма 2 сорт;825.0;0.0;PL-3552S;5
378;Плитка меланж гранит;Тротуарная плитка СИТИ-МИКС - 1.СМ.8 80мм Меланж Гранит Рубин;кв.м;2650.00;0.00;151.110000;0.7500;14;ТУ 23.61.11-001-50829991-2023;PL-378;main_tile_80;face_mel_gr_ruby;product;0.00;Тротуарная плитка СИТИ-МИКС - 1.СМ.8 80мм Меланж Гранит Рубин 2 сорт;1325.0;0.0;PL-3782S;5
380;Плитка меланж гранит;Тротуарная плитка СИТИ-МИКС - 1.СМ.8 80мм Меланж Гранит Янтарь;кв.м;2650.00;0.00;151.110000;0.7500;14;ТУ 23.61.11-001-50829991-2023;PL-380;main_tile_80;face_mel_gr_amber;product;0.00;Тротуарная плитка СИТИ-МИКС - 1.СМ.8 80мм Меланж Гранит Янтарь 2 сорт;1325.0;0.0;PL-3802S;5
379;Плитка меланж гранит;Тротуарная плитка СИТИ-МИКС - 1.СМ.8 80мм Меланж Гранит Яшма;кв.м;2650.00;0.00;151.110000;0.7500;14;ТУ 23.61.11-001-50829991-2023;PL-379;main_tile_80;face_mel_gr_jasper;product;0.00;Тротуарная плитка СИТИ-МИКС - 1.СМ.8 80мм Меланж Гранит Яшма 2 сорт;1325.0;0.0;PL-3792S;5
501;Стеновые блоки;Блок стеновой 200x200x400 Гладкий Серый;шт;50.00;45.00;20.000000;1.0000;;;PL-501;main_block;face_smooth_grey;product;0.00;Блок стеновой 200x200x400 Гладкий Серый 2 сорт;25.0;22.5;PL-5012S;5
502;Стеновые блоки;Полублок 120x200x60 Гладкий Серый;шт;40.00;0.00;10.000000;1.0000;;;PL-502;main_block;face_smooth_grey;product;0.00;Полублок 120x200x60 Гладкий Серый 2 сорт;20.0;0.0;PL-5022S;5
